Date,Price,Open,High,Low,Vol,Change
45505,65,372.9,64,625.7,65,587.9,62,303.9,84.20K,1.16%
45504,64,626.0,66,185.4,66,825.6,64,538.3,51.52K,-2.36%
45503,66,184.9,66,796.1,66,998.3,65,328.7,54.43K,-0.92%
45502,66,798.7,68,256.3,70,000.2,66,544.5,85.67K,-2.14%
45501,68,256.3,67,888.9,68,291.9,67,067.8,26.17K,0.61%
45500,67,843.1,67,910.8,69,387.6,66,776.8,67.99K,-0.10%
45499,67,908.6,65,799.7,68,205.0,65,764.3,59.13K,3.21%
45498,65,799.3,65,363.9,66,088.6,63,500.9,77.46K,0.66%
45497,65,370.5,65,936.8,67,072.1,65,155.2,52.47K,-0.86%
45496,65,937.8,67,550.4,67,750.2,65,512.9,69.58K,-2.39%
45495,67,553.6,68,158.4,68,468.9,66,601.8,54.88K,-0.89%
45494,68,158.7,67,147.8,68,352.9,65,825.6,47.19K,1.50%
45493,67,148.5,66,677.0,67,586.4,66,257.4,32.94K,0.71%
45492,66,677.4,63,981.2,67,390.4,63,326.1,82.87K,4.22%
45491,63,980.5,64,090.4,65,102.0,63,253.5,51.27K,-0.17%
45490,64,089.2,65,052.8,66,051.5,63,897.5,66.11K,-1.48%
45489,65,049.7,64,749.2,65,319.5,62,430.8,93.63K,0.41%
45488,64,782.4,60,794.7,64,869.5,60,678.8,96.02K,6.56%
45487,60,794.9,59,207.9,61,326.9,59,207.9,47.48K,2.68%
45486,59,209.8,57,897.4,59,826.5,57,770.6,34.28K,2.29%
45485,57,885.1,57,338.3,58,520.9,56,575.7,56.84K,0.96%
45484,57,337.3,57,745.9,59,404.4,57,095.0,66.40K,-0.71%
45483,57,746.7,58,040.2,59,393.8,57,185.3,59.60K,-0.50%
45482,58,039.4,56,721.3,58,234.0,56,306.3,64.25K,2.32%
45481,56,724.7,55,850.2,58,115.8,54,320.0,102.91K,1.55%
45480,55,861.1,58,240.2,58,394.6,55,756.3,41.12K,-4.12%
45479,58,259.2,56,640.0,58,462.0,56,026.8,46.91K,2.86%
45478,56,641.8,57,025.7,57,471.1,53,883.4,175.51K,-0.67%
45477,57,026.3,60,201.4,60,463.0,56,812.7,116.38K,-5.27%
45476,60,199.3,62,104.9,62,263.6,59,466.6,73.34K,-3.07%
45475,62,103.3,62,888.3,63,257.0,61,797.6,46.52K,-1.25%
45474,62,890.1,62,768.8,63,842.1,62,558.0,59.94K,0.22%
45473,62,754.3,60,973.1,63,006.6,60,703.7,37.21K,2.92%
45472,60,973.4,60,403.7,61,192.8,60,382.8,26.56K,0.94%
45471,60,403.3,61,684.6,62,175.4,60,081.9,58.95K,-2.08%
45470,61,685.3,60,848.3,62,351.2,60,629.4,48.79K,1.37%
45469,60,849.4,61,809.9,62,469.4,60,715.1,54.95K,-1.55%
45468,61,809.4,60,292.0,62,266.0,60,262.2,77.28K,2.52%
45467,60,292.7,63,201.6,63,357.1,58,589.9,120.60K,-4.59%
45466,63,196.2,64,261.0,64,518.9,63,195.3,19.94K,-1.66%
45465,64,261.0,64,131.9,64,523.9,63,944.0,17.55K,0.21%
45464,64,128.5,64,854.3,65,054.9,63,427.9,60.86K,-1.12%
45463,64,854.3,64,982.1,66,474.2,64,566.7,56.24K,-0.19%
45462,64,980.9,65,159.8,65,706.4,64,705.6,42.96K,-0.27%
45461,65,159.9,66,495.7,66,571.2,64,098.4,93.72K,-2.01%
45460,66,498.8,66,672.9,67,253.8,65,115.4,66.09K,-0.26%
45459,66,674.7,66,223.0,66,951.4,66,038.1,20.74K,0.68%
45458,66,223.0,66,034.1,66,446.4,65,895.1,24.05K,0.29%
45457,66,034.8,66,775.2,67,347.7,65,076.5,65.18K,-1.11%
45456,66,773.1,68,260.6,68,384.6,66,324.3,66.36K,-2.18%
45455,68,260.1,67,320.9,69,990.8,66,911.5,85.55K,1.40%
45454,67,319.8,69,537.9,69,573.3,66,197.8,96.70K,-3.19%
45453,69,538.2,69,650.2,70,152.5,69,259.9,39.12K,-0.16%
45452,69,650.6,69,310.5,69,847.8,69,136.7,20.99K,0.49%
45451,69,310.1,69,347.0,69,572.1,69,222.4,23.03K,-0.05%
45450,69,347.9,70,793.4,71,956.5,68,620.7,82.62K,-2.04%
45449,70,791.5,71,083.6,71,616.1,70,178.7,49.79K,-0.41%
45448,71,083.7,70,550.9,71,744.4,70,397.1,67.06K,0.76%
45447,70,549.2,68,808.0,71,034.2,68,564.3,75.69K,2.53%
45446,68,807.8,67,763.3,70,131.0,67,616.8,69.42K,1.53%
45445,67,773.5,67,760.8,68,447.5,67,330.6,30.63K,0.02%
45444,67,760.8,67,533.9,67,861.0,67,449.6,19.01K,0.34%
45443,67,530.1,68,352.3,69,018.2,66,676.8,61.51K,-1.21%
45442,68,354.7,67,631.3,69,504.7,67,138.4,66.84K,1.06%
45441,67,635.8,68,366.2,68,897.6,67,143.2,52.13K,-1.07%
45440,68,366.0,69,428.3,69,560.7,67,299.9,71.39K,-1.53%
45439,69,428.7,68,514.6,70,638.3,68,275.2,49.07K,1.33%
45438,68,514.8,69,287.2,69,494.0,68,294.5,24.58K,-1.11%
45437,69,284.4,68,548.2,69,558.8,68,516.1,25.17K,1.07%
45436,68,547.6,67,971.1,69,212.0,66,685.8,63.28K,0.84%
45435,67,975.7,69,166.3,70,041.0,66,578.1,89.45K,-1.71%
45434,69,155.4,70,141.0,70,593.4,69,024.3,65.08K,-1.40%
45433,70,139.9,71,430.5,71,872.0,69,181.7,108.56K,-1.80%
45432,71,422.7,66,278.3,71,482.8,66,076.5,112.66K,7.76%
45431,66,279.1,66,919.0,67,662.5,65,937.3,36.19K,-0.95%
45430,66,917.5,67,036.6,67,361.4,66,636.1,29.68K,-0.18%
45429,67,036.8,65,231.1,67,420.7,65,121.7,63.09K,2.77%
45428,65,231.0,66,219.6,66,643.9,64,623.3,72.55K,-1.50%
45427,66,225.1,61,569.4,66,417.1,61,357.5,106.05K,7.56%
45426,61,569.4,62,936.8,63,102.6,61,156.9,68.84K,-2.17%
45425,62,937.2,61,480.5,63,443.2,60,779.0,70.55K,2.37%
45424,61,480.0,60,826.6,61,847.7,60,647.1,27.40K,1.07%
45423,60,826.6,60,796.8,61,487.5,60,499.3,27.50K,0.05%
45422,60,796.9,63,074.3,63,454.3,60,251.8,79.33K,-3.61%
45421,63,075.0,61,207.3,63,413.3,60,671.4,64.22K,3.05%
45420,61,207.5,62,304.9,62,997.4,60,894.2,56.47K,-1.78%
45419,62,317.7,63,163.1,64,361.0,62,294.1,59.74K,-1.34%
45418,63,163.1,64,005.8,65,448.8,62,730.7,77.68K,-1.32%
45417,64,006.4,63,897.7,64,587.2,62,923.9,40.51K,0.18%
45416,63,888.3,62,887.1,64,466.0,62,599.1,53.03K,1.61%
45415,62,877.5,59,104.3,63,298.4,58,830.8,100.46K,6.35%
45414,59,121.3,58,334.9,59,548.0,56,989.8,98.06K,1.35%
45413,58,331.2,60,665.0,60,827.5,56,643.5,171.55K,-3.85%
45412,60,666.6,63,852.4,64,700.2,59,228.7,121.04K,-5.00%
45411,63,860.1,63,113.7,64,193.1,61,837.2,67.26K,1.19%
45410,63,109.7,63,457.9,64,346.1,62,827.8,36.65K,-0.55%
45409,63,456.8,63,765.8,63,916.7,62,507.7,45.34K,-0.49%
45408,63,766.4,64,497.1,64,771.3,63,354.9,61.60K,-1.13%
45407,64,497.1,64,287.1,65,247.5,62,889.2,80.77K,0.33%
45406,64,285.7,66,414.9,67,060.5,63,606.9,77.83K,-3.21%
45405,66,415.0,66,829.5,67,180.0,65,848.3,52.42K,-0.62%
45404,66,829.3,64,940.1,67,208.0,64,527.5,72.30K,2.91%
45403,64,940.2,64,942.1,65,680.6,64,267.5,42.02K,-0.03%
45402,64,961.1,63,817.6,65,375.6,63,131.7,49.33K,1.82%
45401,63,799.1,63,480.5,65,441.2,59,693.3,150.34K,0.50%
45400,63,481.4,61,278.9,64,092.4,60,822.3,97.38K,3.59%
45399,61,278.9,63,802.3,64,451.5,59,820.8,118.92K,-3.96%
45398,63,805.3,63,416.1,64,274.4,61,715.6,114.96K,0.62%
45397,63,411.9,65,696.6,66,805.1,62,379.5,118.79K,-3.48%
45396,65,697.4,63,909.5,65,758.2,62,174.7,134.40K,2.89%
45395,63,849.9,67,137.4,67,921.0,61,065.5,149.48K,-4.92%
45394,67,151.9,70,014.9,71,226.9,65,829.3,131.84K,-4.08%
45393,70,011.6,70,620.4,71,249.2,69,586.1,72.51K,-0.86%
45392,70,622.1,69,147.8,71,086.9,67,570.0,97.71K,2.13%
45391,69,148.0,71,627.3,71,737.2,68,264.6,93.69K,-3.47%
45390,71,630.1,69,358.0,72,710.8,69,110.5,105.78K,3.27%
45389,69,360.4,68,897.3,70,285.8,68,849.4,46.99K,0.68%
45388,68,890.6,67,830.5,69,632.0,67,467.2,41.48K,1.56%
45387,67,830.6,68,498.7,68,692.2,66,023.3,88.97K,-0.97%
45386,68,496.5,65,968.4,69,238.8,65,096.3,100.30K,3.84%
45385,65,963.0,65,443.6,66,844.8,64,559.0,88.46K,0.80%
45384,65,439.2,69,662.7,69,673.0,64,628.4,152.87K,-6.07%
45383,69,664.4,71,329.3,71,329.3,68,175.9,94.05K,-2.34%
45382,71,332.0,69,608.5,71,367.5,69,576.6,42.45K,2.47%
45381,69,611.5,69,872.3,70,321.2,69,564.9,29.87K,-0.37%
45380,69,871.7,70,766.7,70,907.0,69,090.9,58.99K,-1.26%
45379,70,762.1,69,449.4,71,542.5,68,956.9,72.49K,1.90%
45378,69,442.4,69,999.2,71,670.8,68,428.6,112.88K,-0.80%
45377,69,999.3,69,896.3,71,490.7,69,366.4,90.98K,0.15%
45376,69,892.0,67,216.4,71,118.8,66,395.0,124.72K,3.99%
45375,67,211.9,64,036.5,67,587.8,63,812.9,65.59K,4.96%
45374,64,037.8,63,785.6,65,972.4,63,074.9,35.11K,0.40%
45373,63,785.5,65,501.5,66,633.3,62,328.3,72.43K,-2.62%
45372,65,503.8,67,860.0,68,161.7,64,616.1,75.26K,-3.46%
45371,67,854.0,62,046.8,68,029.5,60,850.9,133.53K,9.35%
45370,62,050.0,67,594.1,68,099.6,61,560.6,148.08K,-8.20%
45369,67,594.1,68,389.7,68,920.1,66,601.4,78.07K,-1.17%
45368,68,391.2,65,314.2,68,857.7,64,605.5,66.07K,4.71%
45367,65,314.2,69,456.5,70,037.0,64,971.0,75.82K,-5.97%
45366,69,463.7,71,387.1,72,398.1,65,765.6,148.59K,-2.69%
45365,71,387.5,73,066.7,73,740.9,68,717.2,109.43K,-2.30%
45364,73,066.3,71,461.9,73,623.5,71,338.4,77.18K,2.23%
45363,71,470.2,72,099.1,72,916.7,68,845.6,105.09K,-0.87%
45362,72,099.1,68,964.7,72,771.5,67,452.8,114.72K,4.54%
45361,68,964.8,68,360.7,69,905.3,68,165.0,53.49K,0.88%
45360,68,366.5,68,178.5,68,576.9,67,923.9,30.71K,0.29%
45359,68,172.0,66,854.4,69,904.0,66,170.7,112.67K,1.97%
45358,66,855.3,66,074.6,67,985.5,65,602.6,77.47K,1.17%
45357,66,080.4,63,794.7,67,604.9,62,848.7,117.91K,3.59%
45356,63,792.6,68,273.1,69,063.1,60,138.2,207.60K,-6.56%
45355,68,270.1,63,135.8,68,495.1,62,746.8,130.86K,8.13%
45354,63,135.8,61,955.6,63,227.3,61,399.4,38.01K,1.84%
45353,61,994.5,62,397.7,62,446.3,61,621.9,33.80K,-0.65%
45352,62,397.7,61,157.3,63,147.3,60,790.9,74.96K,2.01%
45351,61,169.3,62,467.1,63,653.4,60,512.5,119.29K,-2.08%
45350,62,467.6,57,048.7,63,915.3,56,704.9,173.64K,9.48%
45349,57,056.2,54,491.1,57,555.2,54,464.0,100.48K,4.70%
45348,54,495.1,51,722.7,54,899.1,50,925.2,78.05K,5.36%
45347,51,722.7,51,572.1,51,952.0,51,299.0,23.61K,0.29%
45346,51,571.6,50,739.6,51,689.9,50,592.0,20.99K,1.64%
45345,50,740.5,51,320.6,51,532.5,50,537.6,43.27K,-1.13%
45344,51,320.4,51,850.2,52,015.8,50,947.3,50.27K,-1.04%
45343,51,858.2,52,263.5,52,367.3,50,676.9,59.02K,-0.78%
45342,52,263.5,51,783.1,52,936.8,50,801.8,68.10K,0.93%
45341,51,783.6,52,119.6,52,484.8,51,694.2,36.73K,-0.64%
45340,52,117.5,51,646.0,52,350.3,51,199.6,26.89K,0.91%
45339,51,646.0,52,134.2,52,175.5,50,652.3,32.45K,-0.94%
45338,52,134.2,51,901.4,52,556.7,51,612.6,52.86K,0.45%
45337,51,901.3,51,805.2,52,819.4,51,327.5,74.72K,0.23%
45336,51,782.4,49,708.6,52,010.7,49,263.8,80.35K,4.16%
45335,49,716.0,49,941.0,50,326.6,48,398.3,78.51K,-0.45%
45334,49,941.3,48,280.2,50,277.3,47,729.9,81.85K,3.45%
45333,48,277.3,47,759.3,48,531.6,47,590.2,36.50K,1.09%
45332,47,758.2,47,128.0,48,149.0,46,875.0,31.20K,1.34%
45331,47,127.5,45,293.3,48,118.8,45,254.2,98.11K,4.05%
45330,45,293.3,44,346.2,45,579.2,44,336.4,66.38K,2.15%
45329,44,339.8,43,088.4,44,367.9,42,783.5,48.57K,2.91%
45328,43,087.7,42,697.6,43,375.5,42,566.8,33.32K,0.91%
45327,42,697.2,42,581.4,43,532.2,42,272.5,39.26K,0.27%
45326,42,581.4,43,006.2,43,113.2,42,379.4,20.33K,-0.99%
45325,43,005.7,43,194.7,43,370.4,42,882.0,14.57K,-0.44%
45324,43,194.7,43,083.7,43,459.3,42,596.3,42.65K,0.26%
45323,43,081.4,42,580.1,43,263.1,41,890.5,47.69K,1.18%
45322,42,580.5,42,946.2,43,739.7,42,315.4,56.48K,-0.85%
45321,42,946.2,43,303.3,43,817.9,42,702.9,55.13K,-0.82%
45320,43,299.8,42,031.4,43,305.6,41,824.7,45.23K,3.02%
45319,42,030.7,42,121.3,42,817.1,41,649.0,32.53K,-0.21%
45318,42,120.9,41,811.5,42,191.8,41,413.0,20.46K,0.74%
45317,41,811.3,39,942.0,42,214.8,39,831.2,69.47K,4.70%
45316,39,935.7,40,085.1,40,285.8,39,546.3,46.30K,-0.37%
45315,40,086.0,39,891.3,40,535.2,39,510.0,58.64K,0.49%
45314,39,888.8,39,555.0,40,159.4,38,546.9,82.67K,0.84%
45313,39,556.4,41,581.7,41,684.9,39,468.4,85.10K,-4.87%
45312,41,583.2,41,695.4,41,878.0,41,504.5,16.11K,-0.27%
45311,41,695.4,41,647.6,41,858.0,41,449.5,22.27K,0.11%
45310,41,648.0,41,293.8,42,164.6,40,305.4,72.64K,0.86%
45309,41,292.7,42,763.5,42,908.0,40,682.6,70.35K,-3.45%
45308,42,768.7,43,139.1,43,192.3,42,211.8,50.44K,-0.87%
45307,43,145.5,42,515.2,43,563.7,42,093.1,63.93K,1.49%
45306,42,510.7,41,747.6,43,348.9,41,719.2,52.08K,1.83%
45305,41,746.1,42,851.3,43,069.4,41,739.6,37.14K,-2.58%
45304,42,851.3,42,836.7,43,248.6,42,443.3,48.18K,0.04%
45303,42,835.9,46,348.1,46,503.2,41,857.9,136.92K,-7.58%
45302,46,348.2,46,629.3,48,923.7,45,651.8,131.04K,-0.60%
45301,46,629.3,46,112.0,47,654.3,44,403.6,131.48K,1.08%
45300,46,129.0,46,959.2,47,880.1,45,333.9,100.09K,-1.77%
45299,46,962.2,43,934.2,47,196.7,43,251.0,103.09K,6.91%
45298,43,927.3,43,973.5,44,481.2,43,627.9,29.53K,-0.09%
45297,43,967.9,44,156.6,44,203.2,43,424.0,24.26K,-0.43%
45296,44,156.9,44,163.0,44,312.1,42,629.0,68.07K,0.00%
45295,44,157.0,42,836.1,44,744.5,42,632.8,68.05K,3.08%
45294,42,836.1,44,943.7,45,492.7,40,888.3,117.65K,-4.69%
45293,44,943.7,44,182.9,45,885.4,44,166.0,97.84K,1.72%
45292,44,183.4,42,272.5,44,187.0,42,196.7,36.30K,4.52%
45291,42,272.5,42,141.6,42,878.8,41,971.4,35.58K,0.32%
45290,42,136.7,42,074.7,42,592.2,41,527.3,35.18K,0.15%
45289,42,072.4,42,581.1,43,108.0,41,459.0,60.98K,-1.19%
45288,42,581.1,43,446.5,43,782.6,42,309.3,49.84K,-1.99%
45287,43,446.5,42,514.3,43,676.7,42,115.3,50.10K,2.20%
45286,42,513.3,43,579.9,43,594.9,41,796.6,56.03K,-2.44%
45285,43,578.5,42,982.0,43,792.7,42,745.3,32.67K,1.39%
45284,42,981.5,43,710.4,43,935.7,42,748.5,30.86K,-1.67%
45283,43,710.4,43,968.9,43,994.6,43,325.7,21.29K,-0.59%
45282,43,968.9,43,865.9,44,394.6,43,419.3,44.50K,0.23%
45281,43,865.9,43,660.3,44,241.8,43,310.2,48.96K,0.47%
45280,43,662.8,42,259.5,44,278.7,42,217.2,70.19K,3.32%
45279,42,259.3,42,659.7,43,473.3,41,842.7,55.29K,-0.94%
45278,42,659.7,41,369.1,42,728.0,40,554.0,61.58K,3.12%
45277,41,368.7,42,271.7,42,413.2,41,276.9,35.46K,-2.14%
45276,42,271.7,41,929.0,42,690.3,41,698.2,30.11K,0.82%
45275,41,929.0,43,025.2,43,080.7,41,697.9,45.28K,-2.55%
45274,43,025.9,42,886.3,43,392.7,41,591.2,59.15K,0.33%
45273,42,884.5,41,487.0,43,417.5,40,649.3,63.11K,3.37%
45272,41,487.0,41,256.1,42,070.9,40,691.5,57.04K,0.56%
45271,41,256.1,43,791.0,43,806.3,40,277.1,105.19K,-5.79%
45270,43,791.0,43,716.6,44,045.4,43,576.8,23.81K,0.17%
45269,43,718.4,44,175.5,44,361.2,43,617.4,31.67K,-1.03%
45268,44,175.5,43,288.3,44,697.6,43,108.4,58.44K,2.05%
45267,43,289.7,43,774.4,44,046.4,42,860.5,63.09K,-1.11%
45266,43,776.3,44,076.2,44,283.7,43,466.7,72.52K,-0.68%
45265,44,076.2,41,989.6,44,424.1,41,424.9,96.84K,4.97%
45264,41,987.8,39,968.6,42,394.4,39,968.6,104.21K,5.05%
45263,39,970.2,39,456.8,40,178.9,39,280.3,35.27K,1.30%
45262,39,458.4,38,688.2,39,673.4,38,646.5,37.09K,1.99%
45261,38,688.2,37,712.9,38,950.8,37,618.3,62.50K,2.59%
45260,37,712.9,37,857.6,38,144.4,37,509.2,33.53K,-0.38%
45259,37,855.5,37,823.3,38,362.9,37,607.6,49.34K,0.09%
45258,37,823.3,37,244.3,38,379.4,36,881.1,57.50K,1.54%
45257,37,248.6,37,451.8,37,563.3,36,751.5,45.24K,-0.54%
45256,37,451.8,37,786.4,37,819.1,37,166.3,29.20K,-0.89%
45255,37,787.0,37,718.6,37,887.4,37,599.9,16.09K,0.18%
45254,37,717.3,37,295.0,38,400.8,37,257.4,65.83K,1.14%
45253,37,293.1,37,410.8,37,642.5,36,915.3,32.35K,-0.31%
45252,37,410.8,35,797.5,37,862.5,35,695.6,64.81K,4.46%
45251,35,813.6,37,452.7,37,631.2,35,799.2,71.07K,-4.38%
45250,37,454.1,37,356.6,37,735.6,36,857.6,51.80K,0.27%
45249,37,354.2,36,568.6,37,504.6,36,393.3,26.14K,2.15%
45248,36,568.6,36,617.5,36,845.2,36,220.6,20.88K,-0.07%
45247,36,595.4,36,161.8,36,690.6,35,875.2,51.37K,1.20%
45246,36,161.2,37,873.9,37,907.6,35,561.6,66.92K,-4.52%
45245,37,874.9,35,549.3,37,954.1,35,379.6,75.51K,6.54%
45244,35,549.3,36,478.3,36,744.5,34,984.3,63.56K,-2.55%
45243,36,478.3,37,067.8,37,404.6,36,358.4,44.55K,-1.58%
45242,37,064.4,37,149.0,37,215.3,36,761.9,21.45K,-0.23%
45241,37,150.5,37,306.3,37,401.3,36,767.6,29.53K,-0.41%
45240,37,303.0,36,700.5,37,496.1,36,347.2,59.56K,1.64%
45239,36,700.5,35,636.9,37,942.0,35,578.1,115.56K,2.98%
45238,35,636.9,35,426.2,36,050.2,35,148.8,46.33K,0.60%
45237,35,426.1,35,042.1,35,877.9,34,536.9,53.49K,1.10%
45236,35,042.0,35,020.3,35,275.6,34,742.9,29.81K,0.06%
45235,35,019.4,35,065.8,35,360.2,34,550.0,31.02K,-0.13%
45234,35,065.8,34,718.6,35,242.2,34,601.1,23.80K,1.00%
45233,34,718.7,34,931.4,34,940.6,34,124.2,54.54K,-0.61%
45232,34,931.4,35,423.8,35,907.6,34,357.4,63.66K,-1.39%
45231,35,423.8,34,648.3,35,557.5,34,138.7,71.66K,2.23%
45230,34,650.6,34,478.9,34,704.6,34,053.9,43.40K,0.50%
45229,34,477.9,34,526.7,34,853.3,34,089.5,45.20K,-0.14%
45228,34,526.7,34,082.6,34,737.9,33,937.6,27.72K,1.30%
45227,34,082.6,33,901.6,34,387.8,33,867.3,22.00K,0.53%
45226,33,901.8,34,153.7,34,245.8,33,423.6,47.33K,-0.74%
45225,34,153.7,34,497.6,34,826.0,33,749.9,56.62K,-0.99%
45224,34,496.8,33,917.0,35,123.9,33,713.4,75.81K,1.71%
45223,33,917.0,33,037.3,35,191.4,32,866.5,159.08K,2.65%
45222,33,041.8,29,984.2,34,375.6,29,891.4,133.46K,10.20%
45221,29,984.2,29,912.7,30,193.4,29,713.6,29.07K,0.24%
45220,29,912.9,29,674.7,30,264.8,29,469.1,34.68K,0.80%
45219,29,674.5,28,724.0,30,165.9,28,586.1,82.68K,3.31%
45218,28,723.0,28,321.8,28,883.8,28,170.2,50.10K,1.42%
45217,28,321.7,28,405.2,28,876.0,28,169.0,45.01K,-0.29%
45216,28,403.6,28,508.3,28,608.5,28,096.9,53.42K,-0.37%
45215,28,509.7,27,161.2,29,969.5,27,119.7,119.18K,4.96%
45214,27,161.2,26,852.8,27,286.9,26,812.6,21.95K,1.15%
45213,26,852.8,26,863.5,26,975.7,26,805.1,13.56K,-0.04%
45212,26,863.5,26,761.1,27,114.8,26,682.9,33.66K,0.38%
45211,26,761.1,26,878.2,26,942.8,26,565.3,32.75K,-0.43%
45210,26,876.6,27,391.9,27,475.9,26,558.4,55.78K,-1.88%
45209,27,391.0,27,581.5,27,728.1,27,300.1,34.32K,-0.69%
45208,27,581.4,27,922.7,27,986.4,27,279.5,44.81K,-1.22%
45207,27,922.7,27,961.1,28,097.5,27,714.4,24.11K,-0.14%
45206,27,961.1,27,935.5,28,021.3,27,859.0,17.29K,0.09%
45205,27,936.9,27,410.3,28,223.6,27,195.7,52.51K,1.92%
45204,27,410.3,27,783.5,28,089.1,27,371.7,46.26K,-1.37%
45203,27,790.9,27,428.7,27,832.7,27,242.5,40.93K,1.32%
45202,27,428.4,27,501.6,27,670.8,27,194.1,44.06K,-0.28%
45201,27,505.3,27,974.6,28,556.6,27,325.2,84.30K,-1.68%
45200,27,974.5,26,962.5,28,038.4,26,955.7,35.11K,3.75%
45199,26,962.7,26,908.1,27,085.7,26,887.5,17.55K,0.20%
45198,26,909.8,27,022.6,27,229.5,26,728.8,42.24K,-0.42%
45197,27,022.6,26,368.2,27,283.6,26,339.4,64.56K,2.49%
45196,26,366.1,26,218.9,26,836.9,26,109.1,50.80K,0.56%
45195,26,218.9,26,303.1,26,396.2,26,093.4,26.41K,-0.32%
45194,26,302.7,26,251.6,26,423.6,26,013.6,38.20K,0.20%
45193,26,251.5,26,579.0,26,727.6,26,162.2,22.32K,-1.23%
45192,26,579.2,26,581.7,26,636.2,26,517.5,12.92K,-0.01%
45191,26,581.9,26,569.5,26,736.4,26,488.5,28.79K,0.04%
45190,26,570.0,27,125.2,27,155.6,26,382.3,47.81K,-2.05%
45189,27,125.0,27,209.2,27,378.6,26,851.8,47.23K,-0.31%
45188,27,209.2,26,759.0,27,480.7,26,672.2,52.17K,1.67%
45187,26,763.5,26,530.3,27,413.3,26,405.2,63.35K,0.88%
45186,26,529.1,26,562.0,26,614.4,26,408.7,16.57K,-0.12%
45185,26,562.0,26,599.9,26,769.0,26,463.5,18.45K,-0.15%
45184,26,601.0,26,523.3,26,837.4,26,233.1,36.47K,0.29%
45183,26,524.7,26,223.0,26,760.3,26,148.6,53.82K,1.15%
45182,26,223.0,25,836.1,26,382.3,25,766.9,42.58K,1.50%
45181,25,834.5,25,166.4,26,472.6,25,133.5,78.71K,2.65%
45180,25,166.4,25,840.2,25,897.4,24,923.1,56.32K,-2.61%
45179,25,840.2,25,901.1,25,995.1,25,626.7,23.60K,-0.24%
45178,25,901.1,25,909.5,25,938.5,25,814.3,13.48K,-0.03%
45177,25,909.5,26,248.5,26,415.4,25,701.6,41.01K,-1.30%
45176,26,249.8,25,758.0,26,417.7,25,626.5,39.77K,1.91%
45175,25,758.0,25,790.1,26,018.4,25,411.7,37.78K,-0.13%
45174,25,790.2,25,824.4,25,864.0,25,596.3,28.40K,-0.13%
45173,25,823.3,25,971.0,26,094.2,25,660.9,27.13K,-0.57%
45172,25,971.0,25,869.7,26,090.4,25,816.6,21.36K,0.39%
45171,25,869.7,25,803.5,25,977.4,25,752.7,21.24K,0.26%
45170,25,803.2,25,938.3,26,144.9,25,361.9,58.08K,-0.52%
45169,25,937.3,27,300.6,27,464.5,25,731.0,69.11K,-4.99%
45168,27,298.8,27,723.9,27,757.3,27,043.2,46.54K,-1.53%
45167,27,723.9,26,118.1,28,046.0,25,919.8,98.32K,6.14%
45166,26,118.9,26,100.6,26,215.7,25,891.0,28.84K,0.07%
45165,26,100.6,26,017.1,26,176.8,25,968.7,14.29K,0.32%
45164,26,017.1,26,057.2,26,114.1,25,993.5,12.09K,-0.15%
45163,26,057.2,26,176.1,26,265.7,25,811.6,39.96K,-0.46%
45162,26,177.0,26,436.2,26,560.5,25,943.6,41.04K,-0.98%
45161,26,436.2,26,042.0,26,807.7,25,812.6,60.96K,1.52%
45160,26,039.9,26,126.8,26,138.8,25,481.9,47.72K,-0.33%
45159,26,126.0,26,190.8,26,220.9,25,850.8,41.10K,-0.25%
45158,26,190.8,26,099.5,26,269.1,25,998.5,24.00K,0.35%
45157,26,099.4,26,053.3,26,262.2,25,799.5,33.04K,0.18%
45156,26,053.2,26,635.7,26,801.9,25,691.0,93.05K,-2.19%
45155,26,635.7,28,726.1,28,771.8,25,489.4,132.92K,-7.28%
45154,28,726.3,29,195.3,29,251.1,28,717.6,43.71K,-1.61%
45153,29,195.3,29,426.7,29,472.0,29,118.6,33.81K,-0.79%
45152,29,426.7,29,300.1,29,689.0,29,116.0,39.30K,0.43%
45151,29,300.1,29,428.2,29,468.5,29,272.3,13.49K,-0.44%
45150,29,428.2,29,420.8,29,480.8,29,375.4,11.07K,0.02%
45149,29,420.8,29,448.9,29,544.9,29,271.2,27.71K,-0.10%
45148,29,449.0,29,578.0,29,719.4,29,377.5,32.00K,-0.44%
45147,29,578.0,29,771.3,30,104.0,29,384.2,49.67K,-0.67%
45146,29,777.4,29,204.2,30,168.6,29,137.7,62.57K,1.96%
45145,29,204.2,29,081.3,29,270.2,28,721.0,41.19K,0.42%
45144,29,081.3,29,067.9,29,198.9,28,987.4,16.03K,0.05%
45143,29,068.1,29,105.6,29,139.3,28,983.0,14.55K,-0.13%
45142,29,105.5,29,189.1,29,319.1,28,875.8,31.43K,-0.29%
45141,29,189.3,29,180.9,29,409.8,28,981.0,36.08K,0.05%
45140,29,173.7,29,711.8,30,025.9,28,961.6,67.41K,-1.81%
45139,29,712.2,29,232.3,29,712.2,28,611.0,64.01K,1.64%
45138,29,232.4,29,282.0,29,502.3,29,128.3,31.84K,-0.17%
45137,29,281.7,29,354.2,29,446.6,29,054.5,20.58K,-0.24%
45136,29,353.5,29,315.0,29,400.1,29,256.9,13.90K,0.13%
45135,29,315.0,29,222.7,29,533.0,29,125.1,31.42K,0.32%
45134,29,222.7,29,352.9,29,568.8,29,094.0,30.42K,-0.44%
45133,29,352.2,29,228.8,29,681.8,29,109.7,44.33K,0.42%
45132,29,228.6,29,178.3,29,365.4,29,058.7,29.05K,0.17%
45131,29,178.1,30,085.9,30,098.2,28,890.7,55.73K,-3.02%
45130,30,085.9,29,788.9,30,337.0,29,735.7,23.32K,1.00%
45129,29,788.9,29,904.5,29,988.0,29,657.3,18.47K,-0.38%
45128,29,903.1,29,801.0,30,058.9,29,739.9,32.59K,0.34%
45127,29,801.0,29,909.7,30,408.0,29,621.4,50.33K,-0.36%
45126,29,909.7,29,866.7,30,185.5,29,789.3,34.96K,0.14%
45125,29,866.8,30,139.7,30,242.4,29,624.6,42.40K,-0.91%
45124,30,139.7,30,235.5,30,335.9,29,693.3,42.84K,-0.32%
45123,30,235.5,30,291.8,30,435.0,30,075.4,20.31K,-0.18%
45122,30,291.4,30,316.8,30,395.4,30,246.9,17.06K,-0.09%
45121,30,317.4,31,465.4,31,602.6,29,944.3,82.42K,-3.65%
45120,31,466.1,30,387.3,31,764.5,30,260.0,99.81K,3.55%
45119,30,387.3,30,623.3,30,951.3,30,231.7,54.06K,-0.77%
45118,30,623.3,30,414.2,30,782.2,30,333.8,39.84K,0.68%
45117,30,415.3,30,166.9,31,019.6,29,969.1,55.24K,0.82%
45116,30,166.9,30,288.8,30,425.5,30,071.9,20.05K,-0.40%
45115,30,288.8,30,346.8,30,379.9,30,055.9,17.41K,-0.19%
45114,30,346.4,29,912.7,30,442.0,29,757.4,46.42K,1.45%
45113,29,913.1,30,512.8,31,463.6,29,869.0,90.81K,-1.97%
45112,30,512.8,30,768.6,30,875.6,30,233.3,43.23K,-0.83%
45111,30,768.4,31,152.0,31,326.5,30,657.8,42.12K,-1.23%
45110,31,151.3,30,617.5,31,377.0,30,581.5,56.49K,1.74%
45109,30,617.7,30,587.1,30,769.0,30,227.9,28.82K,0.10%
45108,30,586.8,30,472.9,30,649.9,30,329.0,22.46K,0.37%
45107,30,472.9,30,445.7,31,275.5,29,714.5,118.65K,0.09%
45106,30,445.7,30,077.3,30,823.1,30,051.3,49.57K,1.22%
45105,30,078.6,30,691.9,30,703.4,29,919.5,51.06K,-1.99%
45104,30,689.1,30,267.0,30,993.7,30,231.3,55.82K,1.39%
45103,30,267.0,30,466.3,30,645.9,29,986.3,58.71K,-0.65%
45102,30,465.3,30,533.6,31,040.2,30,315.8,37.12K,-0.22%
45101,30,533.6,30,680.7,30,795.3,30,269.4,38.15K,-0.48%
45100,30,679.4,29,890.2,31,395.4,29,822.6,98.85K,2.64%
45099,29,890.5,29,992.8,30,497.8,29,590.4,79.22K,-0.35%
45098,29,996.9,28,307.7,30,769.5,28,270.5,143.49K,5.97%
45097,28,307.7,26,845.9,28,393.0,26,665.5,100.55K,5.44%
45096,26,845.9,26,339.7,27,029.7,26,295.1,46.45K,1.92%
45095,26,339.7,26,515.0,26,679.3,26,290.6,27.31K,-0.66%
45094,26,515.0,26,341.3,26,767.3,26,183.5,35.86K,0.66%
45093,26,341.3,25,591.9,26,472.8,25,276.0,69.24K,2.93%
45092,25,591.3,25,129.5,25,732.8,24,838.0,68.38K,1.84%
45091,25,129.5,25,929.0,26,051.7,24,847.4,60.82K,-3.08%
45090,25,929.4,25,906.9,26,428.9,25,726.4,56.24K,0.09%
45089,25,906.8,25,927.9,26,080.7,25,635.0,40.75K,-0.08%
45088,25,928.4,25,843.3,26,190.1,25,660.8,39.20K,0.33%
45087,25,844.0,26,479.3,26,525.1,25,468.3,83.57K,-2.40%
45086,26,479.3,26,501.1,26,773.9,26,326.7,38.96K,-0.08%
45085,26,501.1,26,341.8,26,784.4,26,231.3,39.95K,0.60%
45084,26,342.5,27,230.2,27,342.0,26,141.0,77.48K,-3.26%
45083,27,230.2,25,745.6,27,325.2,25,425.6,88.61K,5.76%
45082,25,747.4,27,122.3,27,125.5,25,437.5,85.42K,-5.07%
45081,27,122.3,27,070.9,27,410.2,26,956.1,23.81K,0.19%
45080,27,072.0,27,246.0,27,317.5,26,931.4,20.62K,-0.63%
45079,27,244.7,26,819.0,27,299.4,26,541.3,49.37K,1.59%
45078,26,819.0,27,216.4,27,340.9,26,662.3,51.98K,-1.46%
45077,27,216.1,27,696.9,27,825.0,26,865.1,63.08K,-1.74%
45076,27,698.2,27,738.9,28,033.6,27,583.8,45.19K,-0.15%
45075,27,739.4,28,068.4,28,431.2,27,548.8,54.56K,-1.18%
45074,28,071.2,26,855.3,28,181.9,26,788.5,55.23K,4.52%
45073,26,857.5,26,711.2,26,882.9,26,591.2,18.68K,0.55%
45072,26,711.5,26,475.5,26,911.6,26,330.0,45.88K,0.89%
45071,26,475.8,26,327.1,26,589.2,25,892.5,50.17K,0.56%
45070,26,328.4,27,220.7,27,220.7,26,088.7,72.65K,-3.28%
45069,27,220.7,26,851.6,27,448.1,26,804.1,50.89K,1.39%
45068,26,847.3,26,749.9,27,048.9,26,546.1,35.56K,0.36%
45067,26,749.9,27,116.2,27,257.1,26,677.6,27.42K,-1.35%
45066,27,116.2,26,883.0,27,147.2,26,831.3,17.72K,0.87%
45065,26,882.9,26,828.2,27,154.7,26,711.3,36.67K,0.20%
45064,26,828.0,27,403.8,27,467.0,26,449.8,63.39K,-2.10%
45063,27,403.1,27,035.5,27,465.3,26,597.7,58.14K,1.36%
45062,27,035.3,27,183.9,27,295.3,26,881.9,45.29K,-0.55%
45061,27,183.9,26,920.4,27,651.7,26,752.1,53.27K,0.98%
45060,26,920.0,26,777.4,27,176.1,26,609.9,26.35K,0.53%
45059,26,777.5,26,798.7,27,011.9,26,695.6,27.95K,-0.08%
45058,26,799.2,26,983.1,27,044.0,25,853.1,87.49K,-0.68%
45057,26,983.5,27,604.3,27,607.4,26,766.2,62.85K,-2.25%
45056,27,603.3,27,634.3,28,311.7,26,885.7,91.45K,-0.11%
45055,27,634.9,27,670.5,27,816.0,27,366.3,49.75K,-0.13%
45054,27,670.5,28,424.8,28,627.8,27,280.3,85.72K,-2.65%
45053,28,424.8,28,857.1,29,122.0,28,419.6,36.50K,-1.50%
45052,28,857.1,29,512.8,29,816.4,28,414.9,58.94K,-2.22%
45051,29,513.2,28,842.2,29,653.9,28,825.3,74.52K,2.33%
45050,28,842.1,29,023.6,29,352.7,28,687.4,53.80K,-0.63%
45049,29,023.6,28,669.1,29,244.7,28,164.4,81.22K,1.24%
45048,28,669.1,28,079.0,28,877.4,27,913.2,65.33K,2.11%
45047,28,077.6,29,252.1,29,329.6,27,685.9,84.36K,-4.02%
45046,29,252.1,29,235.1,29,941.3,29,095.0,47.62K,0.06%
45045,29,234.1,29,318.4,29,425.5,29,058.5,25.72K,-0.30%
45044,29,321.8,29,475.9,29,587.2,28,927.8,69.88K,-0.52%
45043,29,475.9,28,424.5,29,859.8,28,392.4,121.63K,3.70%
45042,28,424.6,28,298.8,29,995.7,27,307.8,164.31K,0.44%
45041,28,298.8,27,510.1,28,375.6,27,201.1,65.31K,2.87%
45040,27,509.3,27,591.4,27,978.8,27,054.3,66.74K,-0.30%
45039,27,591.4,27,813.8,27,815.0,27,388.5,41.77K,-0.80%
45038,27,813.9,27,264.8,27,872.0,27,165.7,44.30K,2.01%
45037,27,264.8,28,240.5,28,353.4,27,171.1,98.72K,-3.46%
45036,28,240.5,28,813.7,29,082.1,28,032.4,95.45K,-1.99%
45035,28,813.7,30,382.2,30,408.4,28,641.1,111.27K,-5.16%
45034,30,382.2,29,434.1,30,470.1,29,149.2,76.58K,3.22%
45033,29,434.9,30,310.8,30,312.2,29,274.0,71.90K,-2.89%
45032,30,310.3,30,299.2,30,545.3,30,134.6,34.48K,0.04%
45031,30,299.6,30,472.6,30,586.5,30,208.8,31.71K,-0.57%
45030,30,472.5,30,387.4,30,964.9,30,026.0,98.38K,0.28%
45029,30,387.4,29,892.4,30,524.1,29,864.5,65.87K,1.68%
45028,29,886.4,30,209.8,30,473.0,29,679.5,78.69K,-1.07%
45027,30,209.6,29,641.0,30,484.6,29,597.8,89.38K,1.92%
45026,29,641.0,28,326.5,29,755.4,28,182.9,85.73K,4.64%
45025,28,326.6,27,941.2,28,522.7,27,809.2,39.35K,1.38%
45024,27,941.2,27,910.4,28,153.1,27,863.8,23.73K,0.11%
45023,27,910.4,28,037.6,28,102.5,27,779.4,30.94K,-0.45%
45022,28,036.7,28,173.5,28,173.5,27,734.5,51.29K,-0.49%
45021,28,173.5,28,164.4,28,744.4,27,823.5,77.32K,0.03%
45020,28,164.4,27,802.2,28,429.1,27,668.9,64.06K,1.30%
45019,27,802.1,28,194.7,28,458.4,27,256.9,98.00K,-1.41%
45018,28,198.3,28,456.1,28,522.8,27,871.7,45.04K,-0.91%
45017,28,456.1,28,473.7,28,795.1,28,285.6,38.09K,-0.06%
45016,28,473.7,28,029.3,28,646.3,27,587.5,98.44K,1.58%
45015,28,029.5,28,350.3,29,160.4,27,716.7,122.51K,-1.13%
45014,28,350.4,27,262.9,28,627.4,27,249.8,109.32K,3.99%
45013,27,262.2,27,127.8,27,465.0,26,665.6,94.16K,0.49%
45012,27,129.8,27,974.8,28,023.3,26,611.5,107.24K,-3.02%
45011,27,973.5,27,474.9,28,153.7,27,429.1,60.64K,1.81%
45010,27,475.6,27,462.2,27,761.9,27,176.7,61.36K,0.05%
45009,27,462.2,28,306.9,28,374.5,27,026.5,110.36K,-3.00%
45008,28,310.7,27,262.8,28,734.1,27,144.6,158.46K,3.85%
45007,27,261.7,28,114.2,28,760.3,26,668.7,262.03K,-3.03%
45006,28,114.0,27,719.8,28,437.8,27,350.6,438.78K,1.42%
45005,27,720.5,27,958.9,28,457.8,27,157.0,503.90K,-0.85%
45004,27,958.7,26,914.5,28,347.3,26,844.6,393.27K,3.88%
45003,26,914.5,27,391.9,27,659.1,26,688.7,392.47K,-1.74%
45002,27,391.8,25,004.4,27,742.2,24,900.1,674.96K,9.55%
45001,25,004.1,24,283.2,25,139.0,24,147.9,462.58K,2.97%
45000,24,282.7,24,699.6,25,108.9,23,932.4,614.31K,-1.69%
44999,24,699.7,24,121.5,26,365.9,23,994.6,753.06K,2.43%
44998,24,114.4,21,994.8,24,406.2,21,859.6,733.63K,9.64%
44997,21,994.8,20,465.0,22,028.6,20,294.2,455.69K,7.46%
44996,20,467.5,20,156.5,20,669.5,19,796.7,453.46K,1.54%
44995,20,156.7,20,362.0,20,362.6,19,591.8,655.27K,-1.01%
44994,20,361.8,21,710.8,21,826.5,20,079.6,468.76K,-6.21%
44993,21,710.8,22,197.8,22,274.3,21,661.3,316.51K,-2.19%
44992,22,197.8,22,410.1,22,535.1,21,968.6,304.75K,-0.95%
44991,22,410.0,22,428.2,22,595.4,22,320.1,215.31K,-0.08%
44990,22,428.3,22,347.1,22,636.7,22,213.5,160.57K,0.36%
44989,22,347.1,22,354.7,22,403.7,22,167.4,123.93K,-0.03%
44988,22,354.4,23,465.6,23,473.4,22,051.9,344.63K,-4.73%
44987,23,465.4,23,642.2,23,780.5,23,208.7,249.26K,-0.75%
44986,23,642.2,23,130.6,23,914.1,23,025.3,328.77K,2.21%
44985,23,130.5,23,494.0,23,595.0,23,033.8,275.10K,-1.55%
44984,23,494.1,23,558.7,23,876.2,23,166.8,297.65K,-0.27%
44983,23,558.7,23,166.1,23,671.8,23,066.0,209.12K,1.69%
44982,23,166.1,23,191.3,23,215.3,22,777.4,198.35K,-0.11%
44981,23,191.5,23,936.4,24,123.4,22,970.3,367.99K,-3.11%
44980,23,936.3,24,186.6,24,590.4,23,637.9,417.46K,-1.03%
44979,24,186.6,24,450.7,24,474.3,23,593.4,400.24K,-1.08%
44978,24,450.7,24,839.5,25,236.8,24,160.8,395.97K,-1.57%
44977,24,839.5,24,302.8,25,085.4,23,868.6,363.02K,2.21%
44976,24,302.9,24,631.3,25,175.2,24,273.7,312.64K,-1.33%
44975,24,631.4,24,573.5,24,838.9,24,457.0,223.77K,0.24%
44974,24,573.5,23,538.2,24,984.7,23,373.0,523.85K,4.39%
44973,23,539.6,24,328.1,25,233.8,23,525.9,484.50K,-3.24%
44972,24,327.9,22,198.5,24,330.9,22,050.8,401.53K,9.59%
44971,22,198.5,21,776.9,22,308.6,21,556.2,378.39K,1.96%
44970,21,772.6,21,782.7,21,887.5,21,418.7,312.04K,-0.07%
44969,21,786.8,21,859.9,22,080.7,21,653.1,211.65K,-0.33%
44968,21,859.8,21,627.4,21,902.9,21,605.3,182.07K,1.04%
44967,21,635.0,21,792.5,21,933.6,21,491.7,352.79K,-0.72%
44966,21,792.5,22,964.6,23,003.6,21,744.6,425.44K,-5.10%
44965,22,964.6,23,251.7,23,425.1,22,691.7,289.12K,-1.23%
44964,23,251.7,22,761.8,23,338.8,22,748.2,318.98K,2.15%
44963,22,761.8,22,936.0,23,130.6,22,633.7,278.58K,-0.76%
44962,22,936.0,23,326.9,23,423.4,22,766.5,217.26K,-1.66%
44961,23,323.8,23,431.2,23,571.8,23,269.8,170.27K,-0.46%
44960,23,431.2,23,429.1,23,694.1,23,233.8,349.36K,0.02%
44959,23,427.6,23,726.2,24,207.2,23,398.1,382.86K,-1.26%
44958,23,725.6,23,124.7,23,784.5,22,809.6,333.18K,2.60%
44957,23,125.1,22,832.2,23,262.9,22,724.9,289.38K,1.28%
44956,22,832.2,23,746.0,23,794.0,22,560.0,339.62K,-3.88%
44955,23,753.1,23,023.5,23,952.9,22,973.3,320.86K,3.15%
44954,23,027.9,23,074.6,23,182.3,22,889.8,156.96K,-0.20%
44953,23,074.6,23,016.0,23,480.3,22,602.9,310.36K,0.25%
44952,23,016.0,23,055.2,23,259.5,22,869.0,320.97K,-0.17%
44951,23,055.1,22,632.5,23,779.0,22,366.3,388.18K,1.87%
44950,22,632.5,22,916.3,23,156.1,22,517.1,334.17K,-1.23%
44949,22,915.5,22,709.0,23,161.8,22,527.9,327.85K,0.91%
44948,22,707.8,22,775.7,23,068.7,22,323.0,280.64K,-0.30%
44947,22,775.7,22,677.5,23,304.5,22,461.1,382.69K,0.43%
44946,22,677.2,21,074.9,22,718.5,20,879.3,373.74K,7.57%
44945,21,081.2,20,670.6,21,169.4,20,669.7,275.76K,1.99%
44944,20,670.6,21,137.1,21,584.1,20,448.3,388.67K,-2.21%
44943,21,137.1,21,184.4,21,506.4,20,926.2,310.04K,-0.22%
44942,21,184.2,20,880.1,21,416.8,20,698.9,337.46K,1.46%
44941,20,879.8,20,956.0,21,032.2,20,585.7,205.80K,-0.37%
44940,20,958.2,19,926.9,21,185.6,19,898.6,458.21K,5.17%
44939,19,927.0,18,850.8,19,981.6,18,723.8,426.67K,5.71%
44938,18,851.3,17,941.0,19,055.3,17,915.5,522.01K,5.07%
44937,17,942.3,17,440.5,17,989.8,17,323.9,291.53K,2.89%
44936,17,439.1,17,180.1,17,491.0,17,151.7,247.14K,1.51%
44935,17,180.1,17,119.0,17,390.8,17,107.1,301.24K,0.36%
44934,17,119.0,16,943.6,17,119.0,16,913.8,144.84K,1.04%
44933,16,943.6,16,950.9,16,979.6,16,909.7,110.48K,-0.04%
44932,16,950.9,16,829.8,17,012.3,16,707.6,233.47K,0.72%
44931,16,829.8,16,852.2,16,877.9,16,772.3,178.96K,-0.13%
44930,16,852.1,16,674.2,16,976.5,16,656.5,247.39K,1.07%
44929,16,674.2,16,673.1,16,773.2,16,607.2,178.73K,0.00%
44928,16,674.3,16,618.4,16,766.9,16,551.0,136.03K,0.34%
44927,16,618.4,16,537.5,16,621.9,16,499.7,107.84K,0.49%
44926,16,537.4,16,607.2,16,635.9,16,487.3,130.44K,-0.42%
44925,16,607.2,16,636.4,16,644.4,16,360.0,192.76K,-0.18%
44924,16,636.4,16,546.2,16,659.1,16,496.6,181.47K,0.55%
44923,16,546.2,16,705.9,16,781.1,16,474.2,217.96K,-0.96%
44922,16,706.1,16,918.2,16,964.0,16,610.1,192.18K,-1.25%
44921,16,918.1,16,831.8,16,936.1,16,799.4,133.36K,0.51%
44920,16,831.8,16,835.7,16,852.9,16,733.0,132.89K,-0.03%
44919,16,837.2,16,778.6,16,855.8,16,777.8,110.12K,0.35%
44918,16,779.1,16,820.5,16,910.7,16,768.0,184.12K,-0.25%
44917,16,820.6,16,831.8,16,862.2,16,566.1,198.28K,-0.07%
44916,16,831.8,16,902.7,16,919.4,16,735.0,174.34K,-0.42%
44915,16,902.8,16,441.3,17,031.3,16,400.7,284.57K,2.81%
44914,16,441.3,16,741.1,16,809.5,16,331.2,207.93K,-1.79%
44913,16,741.1,16,777.0,16,825.7,16,666.5,124.29K,-0.21%
44912,16,777.1,16,629.0,16,794.4,16,587.0,164.49K,0.89%
44911,16,629.6,17,356.7,17,518.5,16,542.4,303.56K,-4.19%
44910,17,356.1,17,796.4,17,846.1,17,298.2,263.44K,-2.47%
44909,17,796.4,17,778.6,18,351.8,17,682.1,318.98K,0.10%
44908,17,778.6,17,210.9,17,951.6,17,094.5,328.71K,3.30%
44907,17,210.4,17,093.2,17,232.5,16,878.5,249.39K,0.68%
44906,17,093.3,17,127.0,17,262.9,17,080.6,167.20K,-0.20%
44905,17,127.2,17,125.7,17,220.5,17,105.7,148.81K,0.01%
44904,17,125.7,17,225.6,17,288.6,17,082.1,260.84K,-0.58%
44903,17,225.7,16,835.2,17,294.2,16,765.8,261.64K,2.32%
44902,16,835.2,17,089.4,17,126.7,16,715.3,244.36K,-1.49%
44901,17,089.3,16,966.3,17,101.1,16,914.9,246.19K,0.72%
44900,16,966.5,17,106.9,17,395.2,16,886.9,268.72K,-0.85%
44899,17,112.6,16,884.8,17,198.1,16,881.6,197.12K,1.35%
44898,16,884.5,17,093.4,17,132.6,16,862.1,169.29K,-1.22%
44897,17,093.6,16,972.2,17,096.2,16,799.9,227.01K,0.72%
44896,16,972.0,17,163.4,17,244.7,16,868.9,266.14K,-1.12%
44895,17,163.9,16,440.8,17,215.5,16,433.2,348.22K,4.40%
44894,16,440.4,16,211.9,16,531.4,16,100.1,271.58K,1.41%
44893,16,211.7,16,426.1,16,481.4,16,013.5,284.84K,-1.30%
44892,16,425.6,16,456.4,16,595.4,16,414.6,173.25K,-0.19%
44891,16,456.5,16,512.3,16,686.3,16,387.9,194.94K,-0.34%
44890,16,512.3,16,600.6,16,611.8,16,360.9,204.07K,-0.54%
44889,16,601.2,16,604.9,16,785.6,16,472.0,229.59K,-0.14%
44888,16,623.9,16,216.9,16,677.6,16,162.3,305.08K,2.53%
44887,16,212.9,15,776.6,16,274.6,15,620.4,287.21K,2.77%
44886,15,776.2,16,278.6,16,287.9,15,504.2,372.15K,-3.13%
44885,16,286.7,16,699.3,16,749.3,16,209.2,172.83K,-2.47%
44884,16,699.2,16,652.2,16,814.9,16,608.9,114.89K,0.37%
44883,16,638.3,16,715.4,16,846.3,16,553.0,241.96K,-0.32%
44882,16,691.2,16,540.5,16,739.7,16,425.8,257.00K,0.91%
44881,16,540.5,16,895.4,16,993.4,16,408.2,295.73K,-2.10%
44880,16,895.1,16,615.0,17,112.0,16,543.9,337.15K,1.69%
44879,16,613.7,16,325.0,17,158.4,15,834.0,442.46K,1.77%
44878,16,324.5,16,803.9,16,946.5,16,274.9,210.80K,-2.80%
44877,16,795.2,17,049.9,17,100.8,16,633.9,192.91K,-1.49%
44876,17,049.9,17,589.1,17,679.4,16,435.5,466.35K,-3.07%
44875,17,589.1,15,887.0,18,138.2,15,799.3,720.74K,10.71%
44874,15,886.9,18,538.9,18,583.8,15,603.3,869.57K,-14.25%
44873,18,527.4,20,589.0,20,667.5,17,260.0,865.10K,-10.01%
44872,20,589.0,20,916.3,21,055.4,20,410.5,414.24K,-1.56%
44871,20,916.3,21,298.7,21,360.4,20,901.0,242.26K,-1.81%
44870,21,301.6,21,145.7,21,464.7,21,084.1,261.23K,0.74%
44869,21,145.9,20,206.4,21,281.9,20,184.6,499.50K,4.65%
44868,20,206.4,20,154.0,20,384.5,20,066.6,347.23K,0.26%
44867,20,154.4,20,482.9,20,778.3,20,065.8,420.23K,-1.61%
44866,20,483.5,20,496.1,20,676.6,20,348.1,302.72K,-0.06%
44865,20,496.3,20,626.0,20,822.4,20,260.0,327.47K,-0.63%
44864,20,626.3,20,809.4,20,922.3,20,522.5,207.63K,-0.88%
44863,20,809.8,20,594.2,21,038.1,20,561.9,276.54K,1.05%
44862,20,594.4,20,293.0,20,744.0,20,058.2,318.90K,1.49%
44861,20,292.9,20,769.5,20,867.9,20,231.6,365.49K,-2.29%
44860,20,769.5,20,086.8,20,981.5,20,062.9,427.99K,3.42%
44859,20,082.7,19,331.8,20,406.9,19,249.0,371.54K,3.89%
44858,19,331.5,19,571.2,19,588.6,19,177.2,286.94K,-1.22%
44857,19,571.2,19,204.8,19,680.9,19,092.5,180.63K,1.91%
44856,19,204.8,19,162.6,19,249.9,19,116.1,118.24K,0.22%
44855,19,162.6,19,042.9,19,245.5,18,703.3,294.66K,0.63%
44854,19,042.9,19,125.1,19,334.5,18,935.6,253.20K,-0.42%
44853,19,123.9,19,328.2,19,358.6,19,101.2,209.28K,-1.06%
44852,19,328.2,19,548.4,19,692.9,19,102.8,290.07K,-1.13%
44851,19,548.2,19,262.2,19,663.5,19,163.6,248.40K,1.49%
44850,19,261.9,19,068.8,19,411.9,19,066.0,140.95K,1.01%
44849,19,068.7,19,181.7,19,218.7,19,000.8,123.66K,-0.59%
44848,19,181.8,19,379.8,19,933.9,19,098.6,400.45K,-1.02%
44847,19,379.8,19,154.6,19,494.4,18,207.9,455.13K,1.17%
44846,19,154.8,19,058.5,19,212.6,19,010.6,242.18K,0.50%
44845,19,059.1,19,134.3,19,261.3,18,868.7,288.57K,-0.39%
44844,19,134.6,19,441.7,19,520.7,19,057.0,243.77K,-1.58%
44843,19,441.0,19,416.3,19,552.1,19,329.6,127.53K,0.13%
44842,19,415.0,19,530.2,19,612.2,19,274.7,113.50K,-0.60%
44841,19,531.3,19,962.4,20,051.4,19,352.1,263.50K,-2.13%
44840,19,956.7,20,157.5,20,436.7,19,873.7,370.60K,-1.00%
44839,20,157.5,20,340.5,20,353.8,19,761.7,352.76K,-0.90%
44838,20,340.2,19,629.7,20,436.1,19,506.4,368.17K,3.63%
44837,19,628.3,19,057.6,19,676.0,19,001.3,333.03K,3.02%
44836,19,052.2,19,311.9,19,389.9,18,937.3,222.82K,-1.34%
44835,19,311.9,19,422.9,19,480.3,19,172.6,173.91K,-0.57%
44834,19,423.0,19,593.4,20,174.9,19,208.9,490.29K,-0.87%
44833,19,593.0,19,420.2,19,631.5,18,877.9,449.57K,0.94%
44832,19,411.0,19,083.4,19,757.8,18,505.3,581.19K,1.73%
44831,19,081.0,19,228.8,20,361.2,18,850.4,660.12K,-0.75%
44830,19,225.7,18,803.1,19,304.8,18,695.2,516.03K,2.25%
44829,18,803.2,18,925.1,19,125.1,18,659.6,209.71K,-0.64%
44828,18,925.2,19,288.4,19,310.6,18,812.0,258.50K,-1.91%
44827,19,293.5,19,404.1,19,477.3,18,554.8,431.15K,-0.57%
44826,19,404.0,18,488.1,19,490.9,18,371.0,448.63K,4.95%
44825,18,489.0,18,875.1,19,758.4,18,191.8,446.85K,-2.03%
44824,18,872.4,19,538.9,19,626.3,18,742.6,361.18K,-3.41%
44823,19,538.9,19,417.4,19,666.6,18,277.8,423.43K,0.62%
44822,19,418.8,20,113.9,20,113.9,19,347.7,273.11K,-3.45%
44821,20,113.5,19,802.8,20,178.6,19,761.0,204.58K,1.57%
44820,19,802.4,19,701.9,19,883.0,19,352.9,315.59K,0.51%
44819,19,701.7,20,222.3,20,321.4,19,532.3,358.42K,-2.58%
44818,20,222.5,20,175.5,20,503.7,19,654.2,374.22K,0.23%
44817,20,175.5,22,395.3,22,702.5,19,909.6,485.32K,-9.91%
44816,22,395.3,21,836.6,22,465.4,21,581.6,431.98K,2.57%
44815,21,834.9,21,650.4,21,836.4,21,363.0,297.12K,0.85%
44814,21,650.4,21,363.8,21,790.6,21,139.9,331.12K,1.33%
44813,21,365.2,19,318.8,21,545.7,19,294.1,480.37K,10.60%
44812,19,317.4,19,281.5,19,444.7,19,034.5,291.43K,0.19%
44811,19,281.5,18,786.3,19,445.9,18,548.4,319.10K,2.64%
44810,18,786.4,19,793.4,20,169.3,18,723.3,402.43K,-5.09%
44809,19,793.1,19,999.9,20,042.9,19,650.7,238.71K,-1.03%
44808,19,999.9,19,832.2,20,017.8,19,594.7,158.27K,0.85%
44807,19,831.4,19,952.8,20,043.8,19,660.7,157.85K,-0.61%
44806,19,952.7,20,131.6,20,428.2,19,764.7,272.22K,-0.86%
44805,20,126.1,20,049.9,20,202.7,19,584.4,275.08K,0.41%
44804,20,043.9,19,793.4,20,469.1,19,793.4,318.17K,1.27%
44803,19,792.6,20,295.6,20,558.2,19,559.7,308.41K,-2.48%
44802,20,295.8,19,551.3,20,394.5,19,551.2,248.04K,3.81%
44801,19,550.2,20,034.2,20,150.8,19,542.9,159.60K,-2.41%
44800,20,033.9,20,249.9,20,343.6,19,849.8,187.34K,-1.07%
44799,20,249.9,21,564.2,21,815.3,20,122.4,322.16K,-6.10%
44798,21,565.4,21,365.4,21,801.2,21,324.8,190.15K,0.94%
44797,21,365.2,21,516.2,21,832.3,21,171.1,202.40K,-0.71%
44796,21,517.2,21,416.5,21,661.0,20,919.6,228.65K,0.47%
44795,21,416.3,21,516.8,21,517.4,20,912.1,251.83K,-0.47%
44794,21,517.2,21,138.9,21,692.4,21,077.4,177.52K,1.79%
44793,21,138.9,20,830.7,21,357.4,20,784.8,206.94K,1.48%
44792,20,831.3,23,201.6,23,202.3,20,807.8,339.47K,-10.22%
44791,23,203.6,23,337.7,23,578.0,23,131.3,160.97K,-0.58%
44790,23,338.0,23,855.8,24,423.5,23,191.6,239.53K,-2.17%
44789,23,856.8,24,102.6,24,240.8,23,693.8,201.70K,-1.02%
44788,24,101.7,24,303.3,25,205.7,23,784.5,279.28K,-0.83%
44787,24,302.8,24,442.1,24,997.3,24,172.2,177.25K,-0.57%
44786,24,442.5,24,398.9,24,882.9,24,318.7,170.59K,0.18%
44785,24,398.7,23,935.3,24,440.8,23,616.4,194.96K,1.94%
44784,23,935.3,23,963.3,24,873.5,23,864.0,285.36K,-0.12%
44783,23,962.9,23,150.3,24,209.9,22,714.7,243.61K,3.53%
44782,23,146.7,23,818.1,23,912.0,22,886.5,169.62K,-2.81%
44781,23,816.3,23,175.3,24,234.1,23,160.6,197.94K,2.77%
44780,23,175.3,22,944.2,23,387.7,22,852.3,99.36K,1.01%
44779,22,944.2,23,308.2,23,344.4,22,923.6,94.44K,-1.56%
44778,23,308.2,22,613.3,23,447.6,22,593.5,208.90K,3.08%
44777,22,612.1,22,822.2,23,214.5,22,438.7,181.19K,-0.91%
44776,22,820.8,22,988.7,23,623.7,22,698.6,174.66K,-0.73%
44775,22,988.6,23,271.1,23,423.3,22,670.8,177.30K,-1.21%
44774,23,271.2,23,303.4,23,484.4,22,863.8,162.33K,-0.14%
44773,23,303.4,23,634.2,24,179.3,23,236.2,138.84K,-1.40%
44772,23,634.2,23,774.2,24,605.3,23,521.8,168.72K,-0.59%
44771,23,774.3,23,850.2,24,340.0,23,451.4,221.66K,-0.32%
44770,23,850.0,22,957.7,24,190.5,22,611.6,268.32K,3.88%
44769,22,958.3,21,248.0,23,027.8,21,047.5,242.66K,8.05%
44768,21,248.7,21,301.6,21,322.3,20,737.3,201.57K,-0.25%
44767,21,301.9,22,582.3,22,653.3,21,275.4,206.93K,-5.67%
44766,22,582.1,22,449.8,22,987.9,22,281.3,126.66K,0.54%
44765,22,460.4,22,683.6,22,991.0,21,971.7,137.42K,-0.95%
44764,22,675.2,23,150.0,23,741.4,22,524.2,197.54K,-2.06%
44763,23,153.0,23,219.9,23,403.8,22,360.2,217.08K,-0.27%
44762,23,215.2,23,412.0,24,258.0,22,944.4,281.31K,-0.83%
44761,23,410.2,22,529.3,23,757.3,21,581.8,308.91K,3.93%
44760,22,525.8,20,785.6,22,714.9,20,770.6,279.72K,8.37%
44759,20,785.6,21,209.8,21,654.4,20,755.2,132.81K,-2.00%
44758,21,209.9,20,825.2,21,561.3,20,484.4,136.89K,1.85%
44757,20,825.1,20,586.1,21,178.1,20,393.4,164.67K,1.16%
44756,20,586.0,20,250.0,20,862.2,19,664.9,205.28K,1.66%
44755,20,250.0,19,331.6,20,250.8,18,942.2,249.38K,4.75%
44754,19,330.9,19,963.2,20,051.7,19,279.6,167.91K,-3.17%
44753,19,963.2,20,847.2,20,855.0,19,897.0,160.20K,-4.24%
44752,20,847.4,21,587.4,21,599.2,20,689.7,204.68K,-3.43%
44751,21,587.5,21,610.4,21,944.1,21,338.4,190.11K,-0.11%
44750,21,611.2,21,637.1,22,482.1,21,207.0,439.90K,-0.12%
44749,21,637.8,20,557.9,21,817.8,20,282.7,115.81K,5.24%
44748,20,561.1,20,180.4,20,654.9,19,785.3,105.24K,1.78%
44747,20,200.6,20,215.8,20,706.9,19,315.4,122.43K,-0.08%
44746,20,215.8,19,310.6,20,303.8,19,052.5,92.79K,4.69%
44745,19,309.9,19,243.4,19,626.4,18,794.4,65.27K,0.35%
44744,19,243.2,19,275.4,19,425.4,19,006.4,58.57K,-0.10%
44743,19,262.9,19,926.6,20,785.6,18,980.1,150.18K,-3.33%
44742,19,926.6,20,111.3,20,155.1,18,682.7,127.73K,-0.92%
44741,20,111.3,20,278.0,20,415.8,19,880.7,98.97K,-0.82%
44740,20,278.0,20,727.9,21,200.2,20,210.5,83.83K,-2.18%
44739,20,730.2,21,037.7,21,497.5,20,568.0,84.69K,-1.49%
44738,21,043.5,21,489.9,21,837.4,20,989.7,67.21K,-2.08%
44737,21,489.9,21,226.9,21,553.4,20,917.5,66.63K,1.24%
44736,21,226.9,21,100.9,21,488.7,20,743.9,104.56K,0.60%
44735,21,100.7,19,967.3,21,189.8,19,907.5,110.70K,5.68%
44734,19,965.8,20,720.2,20,864.3,19,780.2,125.94K,-3.64%
44733,20,720.4,20,571.6,21,689.3,20,371.7,136.32K,0.72%
44732,20,572.3,20,576.9,20,996.8,19,658.8,140.60K,-0.02%
44731,20,577.2,18,983.4,20,763.5,17,983.7,169.39K,8.38%
44730,18,986.5,20,446.4,20,744.7,17,630.5,267.25K,-7.13%
44729,20,444.6,20,391.3,21,315.4,20,244.1,136.27K,0.28%
44728,20,386.6,22,577.9,22,942.1,20,231.1,144.00K,-9.71%
44727,22,577.9,22,137.5,22,754.4,20,125.8,280.41K,1.90%
44726,22,157.3,22,449.1,23,200.3,20,860.9,251.01K,-1.29%
44725,22,448.0,26,606.3,26,857.6,22,006.3,379.26K,-15.63%
44724,26,606.3,28,404.0,28,534.8,26,606.3,120.02K,-6.33%
44723,28,403.4,29,083.3,29,426.6,28,161.8,82.92K,-2.34%
44722,29,083.3,30,097.4,30,325.6,28,884.9,104.26K,-3.37%
44721,30,097.8,30,202.1,30,691.4,29,953.8,61.72K,-0.34%
44720,30,201.6,31,127.2,31,312.1,29,874.8,87.96K,-2.98%
44719,31,128.8,31,370.3,31,556.6,29,235.0,140.32K,-0.76%
44718,31,367.6,29,911.2,31,753.4,29,888.6,94.01K,4.86%
44717,29,913.0,29,865.1,30,166.9,29,539.0,30.33K,0.16%
44716,29,864.3,29,700.9,29,963.8,29,489.5,33.51K,0.55%
44715,29,700.9,30,455.7,30,674.8,29,330.8,72.13K,-2.48%
44714,30,455.5,29,798.6,30,638.5,29,604.4,81.40K,2.20%
44713,29,798.5,31,793.1,31,969.9,29,396.6,135.09K,-6.27%
44712,31,793.4,31,730.2,32,377.5,31,221.2,86.60K,0.22%
44711,31,723.3,29,465.2,32,185.6,29,307.2,129.56K,7.66%
44710,29,465.2,29,027.1,29,556.5,28,838.7,36.87K,1.51%
44709,29,027.1,28,620.1,29,194.4,28,537.2,43.87K,1.49%
44708,28,601.2,29,194.0,29,377.1,28,282.2,116.41K,-2.06%
44707,29,203.5,29,537.9,29,868.9,28,077.9,126.71K,-1.14%
44706,29,540.6,29,648.7,30,202.3,29,353.5,78.85K,-0.36%
44705,29,648.7,29,091.6,29,810.8,28,706.1,79.42K,1.91%
44704,29,093.3,30,287.3,30,644.8,28,913.6,92.10K,-3.94%
44703,30,286.6,29,433.0,30,462.0,29,260.1,50.60K,2.89%
44702,29,434.6,29,188.7,29,623.2,28,953.9,32.27K,0.88%
44701,29,178.6,30,305.9,30,735.1,28,738.5,98.78K,-3.72%
44700,30,305.9,28,700.4,30,525.1,28,682.1,101.38K,5.66%
44699,28,683.7,30,437.5,30,687.9,28,648.1,92.03K,-5.76%
44698,30,437.5,29,856.7,30,720.1,29,484.5,79.63K,1.97%
44697,29,849.0,31,308.3,31,312.4,29,135.8,100.25K,-4.66%
44696,31,308.7,30,078.6,31,383.8,29,499.4,65.44K,4.08%
44695,30,080.4,29,285.2,30,277.4,28,666.7,70.46K,2.72%
44694,29,284.4,28,994.3,31,002.7,28,755.0,141.23K,1.06%
44693,28,976.0,29,073.4,30,136.7,26,500.5,309.48K,-0.32%
44692,29,068.2,31,008.0,32,113.6,27,835.5,296.90K,-6.25%
44691,31,007.5,30,098.2,32,621.2,29,831.0,235.61K,3.03%
44690,30,095.0,34,041.0,34,227.0,30,095.0,268.09K,-11.64%
44689,34,060.0,35,468.0,35,497.0,33,727.0,671.05M,-3.97%
44688,35,468.0,36,003.0,36,119.0,34,773.0,288.86M,-1.50%
44687,36,009.0,36,540.0,36,646.0,35,267.0,752.84M,-1.46%
44686,36,544.0,39,686.0,39,833.0,36,183.0,1.04B,-7.92%
44685,39,688.0,37,717.0,40,021.0,37,660.0,691.49M,5.22%
44684,37,718.0,38,515.0,38,647.0,37,513.0,367.21M,-2.07%
44683,38,514.0,38,472.0,39,134.0,38,061.0,580.79M,0.14%
44682,38,461.0,37,642.0,38,676.0,37,397.0,276.99M,2.15%
44681,37,650.0,38,590.0,38,776.0,37,596.0,248.22M,-2.41%
44680,38,581.0,39,748.0,39,919.0,38,175.0,382.90M,-2.94%
44679,39,748.0,39,243.0,40,382.0,38,888.0,542.39M,1.29%
44678,39,243.0,38,113.0,39,447.0,37,869.0,426.83M,2.96%
44677,38,113.0,40,443.0,40,770.0,37,708.0,681.47M,-5.72%
44676,40,427.0,39,464.0,40,599.0,38,233.0,654.60M,2.44%
44675,39,464.0,39,434.0,39,929.0,39,033.0,283.63M,0.12%
44674,39,418.0,39,709.0,39,973.0,39,291.0,190.60M,-0.73%
44673,39,709.0,40,487.0,40,792.0,39,200.0,421.30M,-1.91%
44672,40,482.0,41,370.0,42,969.0,39,793.0,493.05M,-2.14%
44671,41,368.0,41,499.0,42,203.0,40,915.0,382.84M,-0.33%
44670,41,503.0,40,809.0,41,746.0,40,585.0,268.28M,1.72%
44669,40,803.0,39,700.0,41,095.0,38,577.0,484.26M,2.77%
44668,39,703.0,40,382.0,40,599.0,39,561.0,210.01M,-1.68%
44667,40,382.0,40,571.0,40,691.0,40,003.0,151.31M,-0.44%
44666,40,560.0,39,936.0,40,850.0,39,781.0,233.09M,1.56%
44665,39,936.0,41,133.0,41,494.0,39,585.0,294.29M,-2.91%
44664,41,133.0,40,072.0,41,515.0,39,581.0,406.70M,2.63%
44663,40,078.0,39,507.0,40,678.0,39,265.0,468.27M,1.47%
44662,39,497.0,42,144.0,42,418.0,39,202.0,608.38M,-6.27%
44661,42,138.0,42,760.0,43,421.0,41,884.0,255.83M,-1.47%
44660,42,767.0,42,275.0,42,809.0,42,129.0,165.16M,1.16%
44659,42,275.0,43,450.0,43,979.0,42,113.0,467.83M,-2.70%
44658,43,448.0,43,166.0,43,893.0,42,747.0,390.85M,0.64%
44657,43,173.0,45,494.0,45,519.0,43,122.0,649.52M,-5.13%
44656,45,506.0,46,614.0,47,201.0,45,388.0,421.11M,-2.41%
44655,46,629.0,46,407.0,46,899.0,45,152.0,446.12M,0.48%
44654,46,407.0,45,813.0,47,435.0,45,554.0,398.86M,1.30%
44653,45,811.0,46,299.0,47,212.0,45,641.0,345.93M,-1.05%
44652,46,297.0,45,529.0,46,728.0,44,261.0,632.93M,1.70%
44651,45,525.0,47,071.0,47,624.0,45,228.0,520.00M,-3.29%
44650,47,075.0,47,449.0,47,714.0,46,601.0,467.76M,-0.79%
44649,47,449.0,47,126.0,48,127.0,47,029.0,478.82M,0.73%
44648,47,105.0,46,859.0,48,199.0,46,672.0,610.27M,0.52%
44647,46,859.0,44,542.0,46,947.0,44,445.0,388.79M,5.19%
44646,44,548.0,44,331.0,44,818.0,44,090.0,196.30M,0.49%
44645,44,331.0,44,013.0,45,112.0,43,622.0,494.09M,0.72%
44644,44,013.0,42,911.0,44,251.0,42,658.0,491.66M,2.57%
44643,42,912.0,42,373.0,43,027.0,41,795.0,433.96M,1.27%
44642,42,373.0,41,022.0,43,327.9,40,893.0,537.06M,3.29%
44641,41,022.0,41,282.0,41,532.0,40,530.0,406.62M,-0.62%
44640,41,276.0,42,241.0,42,301.0,40,922.0,308.45M,-2.27%
44639,42,233.0,41,768.0,42,386.0,41,529.6,224.59M,1.11%
44638,41,767.8,40,914.6,42,308.4,40,234.8,2.31B,2.08%
44637,40,914.8,41,118.7,41,406.0,40,557.8,1.90B,-0.50%
44636,41,118.7,39,282.5,41,701.6,38,953.2,4.47B,4.67%
44635,39,285.7,39,673.0,39,854.7,38,220.9,2.25B,-0.97%
44634,39,671.1,37,789.5,39,914.3,37,613.6,2.33B,4.97%
44633,37,792.4,38,813.2,39,272.3,37,603.4,1.55B,-2.63%
44632,38,814.3,38,730.2,39,355.3,38,666.5,1.11B,0.22%
44631,38,730.2,39,422.5,40,177.0,38,236.4,2.79B,-1.74%
44630,39,416.3,41,933.9,42,029.1,38,603.5,3.62B,-5.99%
44629,41,929.0,38,731.5,42,538.5,38,663.3,3.60B,8.22%
44628,38,744.8,38,020.6,39,351.5,37,886.6,2.67B,1.89%
44627,38,024.8,38,420.6,39,532.0,37,182.1,3.02B,-0.99%
44626,38,403.1,39,396.3,39,668.1,38,115.0,1.93B,-2.52%
44625,39,395.8,39,142.8,39,600.2,38,626.1,1.50B,0.65%
44624,39,142.7,42,463.0,42,848.7,38,594.9,3.21B,-7.82%
44623,42,463.0,43,912.8,44,077.2,41,840.8,74.11K,-3.30%
44622,43,912.8,44,420.3,45,294.2,43,361.3,80.82K,-1.14%
44621,44,420.3,43,187.2,44,900.5,42,876.6,90.67K,2.85%
44620,43,188.2,37,707.2,43,977.8,37,458.9,108.07K,14.59%
44619,37,689.1,39,116.6,39,838.5,37,062.3,66.14K,-3.65%
44618,39,115.5,39,221.6,40,094.5,38,639.1,41.55K,-0.24%
44617,39,209.6,38,339.2,39,683.7,38,042.6,83.78K,2.27%
44616,38,339.2,37,250.2,39,351.6,34,357.4,180.47K,2.99%
44615,37,224.6,38,248.2,39,194.5,37,099.5,64.84K,-2.68%
44614,38,248.2,37,018.3,38,414.9,36,399.6,82.75K,3.32%
44613,37,017.7,38,355.0,39,444.1,36,868.9,91.82K,-3.49%
44612,38,355.0,40,089.6,40,120.3,38,042.2,47.92K,-4.33%
44611,40,090.3,40,000.1,40,434.3,39,666.6,25.78K,0.23%
44610,40,000.1,40,532.5,40,935.5,39,505.0,64.96K,-1.36%
44609,40,552.8,43,885.5,44,167.1,40,103.8,72.63K,-7.59%
44608,43,883.6,44,540.9,44,552.9,43,377.6,41.40K,-1.48%
44607,44,544.4,42,550.3,44,722.6,42,460.1,56.34K,4.69%
44606,42,550.3,42,061.1,42,799.7,41,591.3,53.60K,1.16%
44605,42,061.1,42,205.5,42,725.1,41,880.1,25.88K,-0.34%
44604,42,205.2,42,388.4,43,006.4,41,776.8,37.88K,-0.43%
44603,42,388.4,43,519.3,43,915.1,42,023.4,69.95K,-2.60%
44602,43,521.0,44,388.9,45,755.2,43,242.5,89.69K,-1.96%
44601,44,388.9,44,038.2,44,800.4,43,163.0,50.92K,0.80%
44600,44,038.2,43,833.9,45,399.8,42,705.0,92.88K,0.47%
44599,43,833.9,42,385.2,44,468.3,41,695.4,76.60K,3.40%
44598,42,392.2,41,411.9,42,614.8,41,176.3,31.20K,2.37%
44597,41,412.1,41,566.5,41,899.8,40,963.3,46.32K,-0.37%
44596,41,567.6,37,287.8,41,689.0,37,041.1,95.49K,11.48%
44595,37,287.8,36,890.2,37,304.3,36,297.3,50.35K,1.08%
44594,36,890.2,38,711.2,38,853.8,36,682.3,53.74K,-4.70%
44593,38,709.7,38,475.6,39,230.0,38,037.9,55.20K,0.55%
44592,38,498.6,37,923.8,38,701.4,36,672.8,61.27K,1.53%
44591,37,917.7,38,167.5,38,313.3,37,390.6,34.10K,-0.66%
44590,38,170.8,37,736.5,38,663.7,37,350.2,42.77K,1.13%
44589,37,745.1,37,195.6,37,995.9,36,176.5,69.45K,1.56%
44588,37,164.3,36,800.1,37,215.4,35,543.2,83.52K,0.99%
44587,36,800.4,36,962.3,38,862.6,36,280.0,107.87K,-0.41%
44586,36,950.6,36,691.3,37,501.8,35,729.3,79.68K,0.72%
44585,36,686.3,36,268.6,37,424.0,32,985.6,153.77K,1.15%
44584,36,269.5,35,072.9,36,513.0,34,655.2,70.43K,3.40%
44583,35,075.2,36,467.7,36,749.8,34,116.0,138.09K,-3.84%
44582,36,475.5,40,698.1,41,104.6,35,503.9,155.80K,-10.41%
44581,40,715.9,41,683.6,43,487.1,40,568.3,65.28K,-2.31%
44580,41,677.8,42,365.3,42,558.0,41,160.9,53.77K,-1.62%
44579,42,364.6,42,209.9,42,674.2,41,300.7,47.32K,0.37%
44578,42,209.3,43,080.5,43,179.6,41,559.4,41.44K,-2.02%
44577,43,079.1,43,079.2,43,462.0,42,643.3,28.66K,-0.04%
44576,43,097.0,43,073.6,43,777.9,42,586.1,31.44K,0.06%
44575,43,073.3,42,562.2,43,435.1,41,848.7,50.50K,1.21%
44574,42,560.0,43,900.0,44,404.7,42,337.5,53.42K,-3.05%
44573,43,901.0,42,735.0,44,243.6,42,476.7,53.95K,2.73%
44572,42,733.2,41,829.1,43,090.2,41,287.6,61.78K,2.15%
44571,41,832.2,41,848.9,42,243.8,39,697.0,85.50K,-0.04%
44570,41,848.3,41,681.2,42,764.4,41,260.9,37.51K,0.42%
44569,41,672.0,41,551.3,42,304.4,40,574.3,52.54K,0.30%
44568,41,546.7,43,097.9,43,127.7,40,810.0,88.36K,-3.60%
44567,43,097.5,43,431.6,43,772.3,42,481.1,63.08K,-0.76%
44566,43,425.9,45,833.1,47,019.4,42,535.1,83.74K,-5.26%
44565,45,837.3,46,435.7,47,505.4,45,602.1,55.59K,-1.28%
44564,46,430.2,47,293.9,47,556.0,45,704.0,41.06K,-1.86%
44563,47,311.8,47,738.7,47,944.9,46,718.2,27.02K,-0.89%
44562,47,738.0,46,217.5,47,917.6,46,217.5,31.24K,3.29%
44561,46,219.5,47,123.3,48,553.9,45,693.6,58.18K,-1.92%
44560,47,123.3,46,470.7,47,901.4,46,003.0,60.96K,1.42%
44559,46,461.7,47,548.4,48,121.7,46,127.8,63.92K,-2.28%
44558,47,545.2,50,703.4,50,703.8,47,345.7,74.39K,-6.18%
44557,50,678.2,50,783.6,52,016.3,50,459.0,43.90K,-0.20%
44556,50,779.9,50,404.0,51,247.0,49,527.0,32.34K,0.74%
44555,50,406.4,50,789.6,51,140.2,50,196.8,26.67K,-0.75%
44554,50,786.1,50,807.4,51,795.3,50,428.4,45.97K,-0.03%
44553,50,801.0,48,599.6,51,355.6,48,053.4,56.24K,4.53%
44552,48,599.7,48,898.7,49,540.3,48,449.7,40.89K,-0.62%
44551,48,902.0,46,900.1,49,306.1,46,654.0,57.88K,4.28%
44550,46,895.2,46,703.4,47,488.9,45,577.3,57.53K,0.41%
44549,46,704.5,46,855.7,48,270.2,46,438.4,44.05K,-0.32%
44548,46,856.2,46,171.8,47,330.2,45,513.4,36.93K,1.48%
44547,46,172.2,47,630.4,47,997.2,45,523.8,67.50K,-3.06%
44546,47,628.2,48,876.6,49,387.8,47,543.9,48.20K,-2.54%
44545,48,871.5,48,366.2,49,477.9,46,572.6,80.28K,1.04%
44544,48,366.5,46,709.8,48,635.0,46,338.3,62.54K,3.56%
44543,46,703.6,50,075.9,50,196.1,45,848.2,80.37K,-6.74%
44542,50,081.0,49,332.5,50,779.2,48,670.5,40.30K,1.55%
44541,49,314.5,47,138.4,49,487.0,46,834.0,45.23K,4.62%
44540,47,137.2,47,591.7,49,974.8,47,007.1,68.06K,-0.97%
44539,47,596.6,50,477.6,50,790.2,47,341.9,58.69K,-5.70%
44538,50,473.9,50,596.6,51,204.7,48,700.7,55.59K,-0.24%
44537,50,595.2,50,547.4,51,918.6,50,070.9,56.29K,0.07%
44536,50,562.1,49,412.1,50,913.3,47,237.9,89.68K,2.34%
44535,49,405.5,49,196.4,49,689.3,47,797.8,72.03K,0.43%
44534,49,195.2,53,620.7,53,847.2,42,587.8,168.00K,-8.27%
44533,53,631.5,56,495.2,57,543.6,52,008.9,89.20K,-5.07%
44532,56,496.0,57,207.8,57,377.5,55,807.9,54.94K,-1.25%
44531,57,210.3,56,891.7,59,064.3,56,496.5,66.75K,0.58%
44530,56,882.9,57,795.2,59,174.4,55,936.9,73.66K,-1.58%
44529,57,794.8,57,288.1,58,855.2,56,726.7,58.65K,0.88%
44528,57,291.5,54,758.0,57,392.3,53,448.3,49.28K,4.61%
44527,54,765.9,53,747.2,55,280.3,53,654.3,40.71K,1.93%
44526,53,730.9,58,937.3,59,151.1,53,533.5,104.03K,-8.83%
44525,58,935.1,57,167.1,59,387.3,57,029.8,56.79K,3.08%
44524,57,171.7,57,559.4,57,697.4,55,910.6,56.68K,-0.70%
44523,57,573.2,56,304.8,57,855.1,55,542.5,72.48K,2.25%
44522,56,308.8,58,719.7,59,288.3,55,656.8,76.45K,-4.10%
44521,58,714.3,59,724.0,60,002.6,58,528.3,40.98K,-1.68%
44520,59,717.6,58,080.8,59,854.6,57,435.3,44.53K,2.81%
44519,58,083.4,56,908.3,58,335.9,55,626.3,74.44K,1.98%
44518,56,955.3,60,368.2,60,936.9,56,524.4,100.37K,-5.65%
44517,60,367.8,60,074.2,60,814.5,58,531.9,73.93K,0.46%
44516,60,089.1,63,605.1,63,605.6,58,655.9,115.36K,-5.52%
44515,63,597.9,65,514.9,66,311.2,63,439.5,53.53K,-2.92%
44514,65,508.2,64,397.2,65,508.2,63,608.3,33.98K,1.72%
44513,64,398.6,64,133.3,64,906.0,63,381.4,30.34K,0.41%
44512,64,134.5,64,782.6,65,449.7,62,309.7,63.27K,-1.04%
44511,64,806.7,64,922.8,65,583.3,64,121.9,50.37K,-0.19%
44510,64,932.6,66,942.6,68,990.6,62,951.3,96.21K,-2.95%
44509,66,904.4,67,528.7,68,493.3,66,334.9,66.13K,-0.92%
44508,67,527.9,63,276.4,67,763.3,63,276.4,81.08K,6.72%
44507,63,273.2,61,483.8,63,273.2,61,347.2,34.34K,2.91%
44506,61,483.9,60,973.2,61,543.2,60,093.6,34.89K,0.84%
44505,60,974.3,61,411.5,62,560.3,60,742.4,44.46K,-0.71%
44504,61,412.6,62,915.4,63,077.6,60,742.9,49.91K,-2.39%
44503,62,918.5,63,223.5,63,508.6,60,883.0,61.05K,-0.48%
44502,63,221.7,60,912.2,64,256.4,60,651.5,65.26K,3.79%
44501,60,915.3,61,310.1,62,430.1,59,612.7,61.21K,-0.64%
44500,61,309.6,61,842.2,62,393.7,60,005.7,50.06K,-0.86%
44499,61,840.1,62,245.0,62,338.5,60,786.0,40.51K,-0.65%
44498,62,242.8,60,579.9,62,952.2,60,322.2,63.39K,2.74%
44497,60,582.5,58,437.2,62,251.3,58,128.1,88.47K,3.67%
44496,58,438.1,60,312.5,61,452.9,58,112.6,88.11K,-3.11%
44495,60,310.8,63,067.5,63,275.1,59,907.3,57.13K,-4.37%
44494,63,067.0,60,864.3,63,694.8,60,655.8,51.06K,3.62%
44493,60,866.5,61,308.2,61,469.9,59,523.7,42.67K,-0.73%
44492,61,312.5,60,693.2,61,728.7,59,738.3,37.05K,1.03%
44491,60,690.3,62,200.8,63,699.7,60,055.7,75.69K,-2.44%
44490,62,210.2,66,004.6,66,616.9,62,092.1,105.38K,-5.71%
44489,65,979.1,64,276.9,66,967.1,63,543.7,79.87K,2.65%
44488,64,278.5,62,030.2,64,454.0,61,451.0,80.16K,3.58%
44487,62,056.3,61,525.8,62,623.6,60,026.9,80.15K,0.86%
44486,61,527.5,60,865.5,61,651.4,59,143.4,53.39K,1.09%
44485,60,861.1,61,669.2,62,329.2,60,161.9,49.93K,-1.32%
44484,61,672.5,57,348.2,62,892.8,56,874.8,121.48K,7.54%
44483,57,345.8,57,370.4,58,506.5,56,866.8,59.84K,-0.06%
44482,57,380.1,56,014.5,57,697.4,54,314.4,73.62K,2.44%
44481,56,015.9,57,480.6,57,635.7,54,155.4,74.85K,-2.54%
44480,57,477.3,54,686.9,57,814.1,54,457.8,73.84K,5.10%
44479,54,687.7,54,942.5,56,432.2,54,100.8,104.43K,-0.46%
44478,54,942.5,53,924.1,55,430.8,53,711.7,64.65K,1.91%
44477,53,914.7,53,785.5,55,977.9,53,659.3,64.05K,0.24%
44476,53,783.9,55,325.2,55,325.6,53,476.4,75.68K,-2.78%
44475,55,323.2,51,470.0,55,676.1,50,439.5,116.26K,7.49%
44474,51,469.3,49,229.5,51,872.4,49,060.1,76.63K,4.55%
44473,49,227.3,48,200.4,49,481.7,46,958.6,66.92K,2.13%
44472,48,200.1,47,665.4,49,165.2,47,123.0,42.41K,1.12%
44471,47,666.9,48,147.2,48,306.9,47,451.7,39.82K,-1.00%
44470,48,146.0,43,824.4,48,435.2,43,292.9,94.66K,9.86%
44469,43,823.3,41,534.5,44,101.2,41,416.7,64.32K,5.50%
44468,41,536.8,41,023.1,42,571.2,40,815.0,48.21K,1.25%
44467,41,022.3,42,169.9,42,758.8,40,906.4,60.01K,-2.73%
44466,42,172.6,43,200.9,44,293.2,42,143.9,54.12K,-2.39%
44465,43,203.4,42,685.8,43,907.3,40,786.6,69.91K,1.21%
44464,42,686.8,42,818.7,42,959.3,41,714.5,46.35K,-0.31%
44463,42,819.9,44,867.4,45,112.0,40,908.5,128.88K,-4.57%
44462,44,869.2,43,550.7,44,949.8,43,090.1,74.54K,3.03%
44461,43,551.6,40,660.8,43,976.7,40,585.7,93.98K,7.13%
44460,40,651.3,43,012.3,43,619.3,39,646.8,142.55K,-5.18%
44459,42,870.6,47,240.8,47,323.9,42,547.1,77.96K,-9.25%
44458,47,238.7,48,299.9,48,341.9,46,866.6,41.98K,-2.21%
44457,48,306.7,47,283.9,48,761.0,47,070.5,43.64K,2.17%
44456,47,282.8,47,748.2,48,155.9,46,788.8,50.16K,-0.97%
44455,47,748.0,48,132.3,48,480.6,47,040.3,60.91K,-0.80%
44454,48,130.6,47,070.8,48,436.5,46,743.9,63.40K,2.24%
44453,47,077.5,44,950.2,47,247.6,44,718.7,65.33K,4.73%
44452,44,949.5,46,060.8,46,807.7,43,463.2,96.15K,-2.42%
44451,46,062.3,45,162.6,46,386.4,44,755.2,44.52K,1.99%
44450,45,161.9,44,844.9,45,975.6,44,766.6,41.58K,0.71%
44449,44,842.8,46,385.9,47,021.6,44,283.6,75.62K,-3.33%
44448,46,385.6,46,057.6,47,305.7,45,609.0,73.63K,0.70%
44447,46,061.4,46,774.1,47,316.9,44,493.7,100.48K,-1.54%
44446,46,779.6,52,674.2,52,885.3,43,072.4,187.56K,-11.19%
44445,52,672.1,51,769.4,52,726.2,51,002.8,69.46K,1.75%
44444,51,768.6,49,918.7,51,878.2,49,492.4,57.30K,3.71%
44443,49,918.4,49,999.3,50,534.6,49,461.4,48.14K,-0.16%
44442,49,999.0,49,269.5,51,008.8,48,377.3,88.08K,1.47%
44441,49,274.3,48,817.8,50,355.3,48,612.9,80.21K,0.93%
44440,48,819.4,47,129.2,49,121.0,46,533.1,74.38K,3.58%
44439,47,130.4,46,989.1,48,217.0,46,709.3,71.48K,0.29%
44438,46,992.7,48,777.1,48,886.0,46,876.9,61.68K,-3.66%
44437,48,777.4,48,899.7,49,621.7,47,870.1,47.62K,-0.24%
44436,48,897.1,49,062.8,49,289.4,48,428.5,36.73K,-0.34%
44435,49,064.3,46,830.2,49,142.0,46,371.5,62.47K,4.77%
44434,46,831.6,48,994.4,49,347.8,46,360.4,73.79K,-4.41%
44433,48,994.5,47,707.4,49,230.2,47,163.3,63.54K,2.68%
44432,47,714.7,49,532.5,49,847.4,47,623.6,74.26K,-3.68%
44431,49,539.7,49,255.4,50,498.8,49,038.6,75.37K,0.58%
44430,49,254.5,48,870.4,49,480.3,48,151.0,49.32K,0.77%
44429,48,875.8,49,330.0,49,719.1,48,293.5,18.20K,-0.91%
44428,49,324.0,46,756.7,49,343.3,46,646.8,83.19K,5.49%
44427,46,755.9,44,725.9,47,012.3,43,986.7,77.92K,4.54%
44426,44,723.8,44,691.1,46,004.9,44,230.0,22.36K,0.07%
44425,44,691.6,45,907.5,47,140.6,44,441.3,84.14K,-2.84%
44424,45,996.3,46,991.6,48,002.4,45,672.1,2.41K,-2.12%
44423,46,991.3,47,082.6,47,344.1,45,564.1,58.11K,-0.19%
44422,47,081.5,47,809.6,48,090.9,46,117.2,64.29K,-1.52%
44421,47,809.1,44,404.0,47,836.0,44,242.4,75.27K,7.67%
44420,44,403.4,45,562.3,46,213.8,43,814.7,81.07K,-2.55%
44419,45,564.3,45,593.2,46,736.5,45,367.9,75.43K,-0.06%
44418,45,593.8,46,281.8,46,663.4,44,681.2,80.55K,-1.49%
44417,46,284.3,43,794.9,46,460.7,42,824.1,117.08K,5.69%
44416,43,792.8,44,584.9,45,284.1,43,314.4,105.25K,-1.84%
44415,44,614.2,42,784.7,44,697.3,42,611.0,112.84K,4.25%
44414,42,795.4,40,868.4,43,253.4,39,905.4,111.93K,4.72%
44413,40,867.2,39,734.4,41,366.3,37,365.4,130.60K,2.84%
44412,39,736.9,38,188.4,39,956.5,37,556.0,79.22K,4.21%
44411,38,130.3,39,167.4,39,766.6,37,688.2,0.26K,-2.65%
44410,39,168.4,39,869.8,40,449.0,38,692.5,74.81K,-1.78%
44409,39,878.3,41,510.0,42,565.0,39,556.5,80.33K,-4.03%
44408,41,553.7,42,201.4,42,285.3,41,066.4,44.65K,-1.54%
44407,42,203.4,40,001.1,42,264.4,38,358.4,98.45K,5.50%
44406,40,001.4,40,009.0,40,630.7,39,340.8,75.30K,0.00%
44405,40,003.2,39,450.4,40,862.2,38,883.8,148.92K,1.40%
44404,39,452.0,37,294.3,39,455.9,36,427.4,100.24K,5.84%
44403,37,276.6,35,392.3,40,522.9,35,236.7,177.63K,5.33%
44402,35,391.1,34,392.5,35,391.1,33,881.3,65.10K,4.63%
44401,33,824.8,33,600.5,33,955.0,33,412.9,67.14K,0.66%
44400,33,603.3,32,297.9,33,605.6,32,041.1,66.15K,4.04%
44399,32,298.9,32,131.7,32,585.4,31,729.4,64.87K,0.52%
44398,32,131.4,29,794.7,32,794.6,29,519.3,118.34K,7.85%
44397,29,793.8,30,835.4,31,040.8,29,310.2,97.46K,-3.38%
44396,30,837.2,31,782.9,31,887.0,30,478.2,77.48K,-2.98%
44395,31,785.4,31,517.9,32,408.2,31,220.6,57.01K,0.85%
44394,31,518.6,31,384.4,31,914.8,31,207.8,58.06K,0.40%
44393,31,394.0,31,842.3,32,239.8,31,062.2,70.48K,-1.40%
44392,31,840.5,32,820.5,33,157.0,31,175.8,76.95K,-2.99%
44391,32,820.7,32,727.8,33,051.9,31,611.2,69.56K,0.28%
44390,32,728.1,33,106.1,33,307.7,32,259.5,60.04K,-1.16%
44389,33,113.0,34,228.3,34,598.0,32,662.8,63.24K,-3.26%
44388,34,227.7,33,510.8,34,580.6,33,319.8,35.72K,2.14%
44387,33,510.6,33,797.7,34,221.0,33,056.8,50.94K,-0.85%
44386,33,797.4,32,866.3,34,079.2,32,367.0,67.14K,2.83%
44385,32,866.3,33,859.4,33,923.2,32,146.9,108.09K,-2.96%
44384,33,867.8,34,228.7,35,036.6,33,801.3,72.03K,-1.05%
44383,34,225.6,33,688.5,35,062.0,33,581.7,83.63K,1.60%
44382,33,687.8,35,297.0,35,300.5,33,164.1,88.36K,-4.56%
44381,35,298.2,34,742.8,35,957.6,34,740.1,56.13K,1.60%
44380,34,742.8,33,814.2,34,909.8,33,363.3,55.69K,2.75%
44379,33,813.4,33,542.2,33,925.9,32,734.6,78.93K,0.80%
44378,33,543.6,35,030.7,35,032.7,32,839.2,27.41K,-4.23%
44377,35,026.9,35,832.6,36,089.5,34,126.6,107.07K,-2.25%
44376,35,834.7,34,477.3,36,590.3,34,247.6,97.27K,3.94%
44375,34,475.9,34,682.2,35,231.2,33,944.9,112.00K,-0.58%
44374,34,678.5,32,247.1,34,685.5,32,041.7,148.80K,7.55%
44373,32,243.4,31,592.1,32,643.0,30,206.9,156.67K,2.06%
44372,31,594.0,34,660.5,35,490.9,31,337.9,193.43K,-8.86%
44371,34,665.8,33,678.1,35,249.9,32,356.7,119.25K,2.94%
44370,33,674.3,32,498.3,34,784.3,31,736.5,173.34K,3.62%
44369,32,496.4,31,682.7,33,272.5,28,901.8,309.65K,2.54%
44368,31,692.0,35,597.9,35,708.4,31,284.1,256.87K,-10.97%
44367,35,595.8,35,510.9,36,097.9,33,378.0,137.48K,0.23%
44366,35,513.4,35,770.0,36,357.3,34,845.5,105.46K,-0.66%
44365,35,749.4,38,045.5,38,166.0,35,198.5,102.84K,-6.05%
44364,38,052.0,38,337.8,39,529.9,37,425.3,109.58K,-0.74%
44363,38,336.0,40,148.1,40,494.4,38,156.4,123.52K,-4.53%
44362,40,156.1,40,522.5,41,318.0,39,589.9,117.55K,-0.92%
44361,40,529.4,39,024.1,40,970.4,38,769.9,157.35K,3.86%
44360,39,022.9,35,467.5,39,321.6,34,827.0,123.32K,10.02%
44359,35,467.5,37,334.4,37,437.3,34,703.3,87.73K,-4.95%
44358,37,314.6,36,654.3,37,641.1,36,003.3,109.15K,1.81%
44357,36,649.4,37,375.2,38,340.8,35,824.0,154.32K,-1.83%
44356,37,332.2,33,385.5,37,517.6,32,428.6,209.82K,11.83%
44355,33,382.9,33,574.6,34,047.8,31,158.1,193.54K,-0.58%
44354,33,578.0,35,815.4,36,754.6,33,410.1,119.50K,-6.25%
44353,35,815.4,35,518.7,36,434.0,35,265.3,62.20K,0.83%
44352,35,520.0,36,841.2,37,887.6,34,832.0,101.48K,-3.61%
44351,36,851.3,39,191.4,39,255.4,35,659.9,127.71K,-5.96%
44350,39,187.3,37,555.7,39,462.3,37,193.6,106.44K,4.34%
44349,37,555.8,36,687.7,38,199.9,35,981.1,96.89K,2.37%
44348,36,687.6,37,294.3,37,850.3,35,742.7,113.48K,-1.64%
44347,37,298.6,35,644.0,37,480.7,34,213.2,131.70K,4.62%
44346,35,652.8,34,589.3,36,388.6,33,441.0,104.18K,3.09%
44345,34,584.6,35,664.5,37,227.1,33,664.2,160.43K,-3.02%
44344,35,662.5,38,543.2,38,844.1,34,772.4,199.58K,-7.17%
44343,38,417.3,39,249.0,40,322.2,37,190.8,122.93K,-2.12%
44342,39,249.2,38,375.7,40,750.0,37,847.0,153.80K,2.27%
44341,38,378.3,38,753.6,39,740.8,36,540.7,163.01K,-0.96%
44340,38,750.6,34,720.3,39,851.7,34,474.6,244.88K,11.74%
44339,34,679.7,37,446.8,38,248.7,31,192.4,325.73K,-7.39%
44338,37,448.3,37,291.0,38,776.0,35,314.9,185.83K,0.40%
44337,37,297.4,40,611.2,42,108.3,33,592.3,315.50K,-8.40%
44336,40,717.2,36,706.8,42,425.9,35,010.4,269.75K,10.88%
44335,36,720.5,42,898.3,43,516.6,30,261.7,607.10K,-14.40%
44334,42,897.3,43,538.5,45,770.9,42,293.9,154.96K,-1.48%
44333,43,541.3,46,424.2,46,545.4,42,201.5,274.76K,-6.21%
44332,46,426.4,46,729.3,49,764.3,43,920.8,180.07K,-0.60%
44331,46,708.8,49,839.1,50,640.9,46,650.2,131.91K,-6.28%
44330,49,839.8,49,704.9,51,459.2,48,874.0,118.84K,0.27%
44329,49,704.6,49,398.2,51,337.3,46,331.1,236.71K,0.65%
44328,49,384.2,56,694.5,57,938.5,49,187.0,160.74K,-12.90%
44327,56,695.7,55,846.1,56,871.1,54,550.4,96.47K,1.52%
44326,55,848.9,58,251.2,59,523.9,53,678.3,142.61K,-4.10%
44325,58,238.3,58,840.6,59,227.0,56,414.4,103.59K,-1.02%
44324,58,840.1,57,330.3,59,471.1,56,972.2,101.27K,2.62%
44323,57,337.2,56,411.4,58,639.3,55,300.1,110.01K,1.65%
44322,56,405.4,57,441.0,58,364.9,55,294.5,109.02K,-1.80%
44321,57,441.3,53,872.5,57,936.4,53,872.5,119.82K,6.88%
44320,53,741.5,57,170.6,57,201.3,53,741.5,132.33K,-6.00%
44319,57,169.8,56,605.8,58,925.1,56,562.4,89.24K,1.00%
44318,56,603.8,57,807.2,57,868.4,56,110.5,53.61K,-2.08%
44317,57,807.1,57,719.1,58,449.4,57,029.5,63.41K,0.15%
44316,57,720.3,53,562.3,57,925.6,53,088.7,103.74K,7.77%
44315,53,560.8,54,838.6,55,173.7,52,400.0,83.90K,-2.34%
44314,54,841.4,55,036.0,56,419.9,53,876.4,86.96K,-0.35%
44313,55,036.5,54,011.1,55,427.8,53,345.0,84.08K,1.88%
44312,54,020.5,48,963.5,54,320.9,48,815.9,129.76K,10.33%
44311,48,963.6,50,088.2,50,532.4,47,098.5,59.20K,-2.25%
44310,50,088.9,51,140.8,51,183.0,48,775.2,82.25K,-2.06%
44309,51,143.6,51,707.1,52,099.9,47,659.4,214.46K,-1.13%
44308,51,729.5,53,821.3,55,408.4,50,590.9,168.13K,-3.88%
44307,53,820.2,56,479.5,56,764.4,53,657.6,100.26K,-4.71%
44306,56,483.2,55,645.1,57,054.9,53,422.5,115.49K,1.50%
44305,55,646.1,56,208.1,57,517.0,54,272.3,117.51K,-1.00%
44304,56,207.1,60,043.2,60,362.1,51,817.6,216.81K,-6.39%
44303,60,041.9,61,358.3,62,509.1,59,672.1,84.08K,-2.18%
44302,61,379.7,63,211.6,63,518.5,60,027.3,136.85K,-2.90%
44301,63,216.0,62,978.6,63,729.1,62,067.5,76.97K,0.37%
44300,62,980.4,63,544.2,64,778.0,61,366.3,130.43K,-0.88%
44299,63,540.9,59,863.6,63,659.0,59,839.4,126.56K,6.14%
44298,59,863.8,59,982.1,61,259.9,59,569.2,81.88K,-0.19%
44297,59,978.7,59,772.4,60,667.1,59,250.3,58.20K,0.39%
44296,59,748.4,58,127.4,61,229.0,57,900.0,103.72K,2.80%
44295,58,118.7,58,076.8,58,890.9,57,686.0,59.22K,0.07%
44294,58,077.4,55,948.0,58,136.7,55,721.6,64.78K,3.80%
44293,55,948.7,57,996.3,58,627.7,55,489.3,110.69K,-3.53%
44292,57,996.3,59,169.0,59,487.0,57,403.3,77.15K,-1.69%
44291,58,993.4,58,202.3,59,205.1,56,842.7,54.13K,1.36%
44290,58,199.9,57,059.7,58,464.8,56,470.6,57.21K,2.00%
44289,57,059.9,58,976.8,59,770.5,56,906.7,68.74K,-3.25%
44288,58,977.3,58,718.2,60,134.9,58,466.5,72.37K,0.44%
44287,58,718.3,58,763.2,59,406.5,58,040.7,69.04K,-0.08%
44286,58,763.7,58,771.4,59,795.6,56,991.6,98.06K,-0.01%
44285,58,771.3,57,614.6,59,366.9,57,077.1,86.21K,2.00%
44284,57,616.2,55,764.7,58,392.6,54,951.1,107.91K,3.32%
44283,55,765.2,55,856.9,56,504.2,54,711.3,58.71K,-0.17%
44282,55,862.9,55,033.8,56,531.1,54,010.2,73.87K,1.50%
44281,55,036.1,51,317.4,55,074.1,51,302.0,100.30K,7.24%
44280,51,322.3,52,330.0,53,175.4,50,441.3,143.35K,-1.92%
44279,52,325.4,54,309.1,57,169.4,51,725.4,137.91K,-3.91%
44278,54,452.5,54,117.5,55,813.8,52,992.3,84.84K,0.54%
44277,54,158.3,57,379.3,58,379.9,53,784.2,95.53K,-5.62%
44276,57,383.8,58,097.4,58,583.8,55,583.3,77.47K,-1.22%
44275,58,093.4,58,084.1,59,882.1,57,863.0,67.83K,0.01%
44274,58,088.0,57,645.0,59,448.3,56,305.1,83.98K,0.75%
44273,57,656.0,58,911.8,60,088.0,57,099.6,102.62K,-2.13%
44272,58,913.5,56,892.9,58,933.2,54,253.2,118.26K,3.56%
44271,56,889.7,55,619.5,56,889.7,53,342.6,128.51K,1.97%
44270,55,791.3,59,117.4,60,565.9,55,088.8,117.71K,-5.62%
44269,59,113.7,61,192.7,61,673.7,59,113.7,80.29K,-3.40%
44268,61,195.3,57,267.4,61,795.8,56,118.8,134.64K,6.86%
44267,57,265.1,57,806.2,58,052.3,55,134.5,116.96K,-0.92%
44266,57,799.5,55,851.2,58,135.0,54,351.8,129.63K,3.49%
44265,55,851.9,54,882.7,57,328.7,53,073.6,140.96K,1.77%
44264,54,879.0,52,352.4,54,880.6,51,941.3,114.06K,4.91%
44263,52,311.0,50,988.9,52,384.9,49,338.1,68.14K,2.61%
44262,50,982.3,48,899.0,51,434.1,48,890.6,82.91K,4.35%
44261,48,855.6,48,798.7,49,191.8,47,132.8,66.66K,0.13%
44260,48,792.5,48,363.6,49,429.4,46,370.1,113.64K,0.75%
44259,48,428.0,50,388.0,51,757.7,47,521.8,9.56K,-3.90%
44258,50,395.1,48,422.2,52,567.9,48,159.2,44.93K,4.07%
44257,48,424.2,49,595.6,50,191.9,47,100.6,102.10K,-2.36%
44256,49,595.5,45,160.5,49,774.0,45,008.8,137.52K,9.81%
44255,45,164.0,46,136.0,46,582.0,43,100.6,135.08K,-2.11%
44254,46,136.7,46,333.1,48,335.1,45,059.4,98.75K,-0.45%
44253,46,345.6,46,928.5,48,413.9,44,248.2,189.41K,-1.24%
44252,46,928.5,49,695.9,52,013.8,46,773.7,83.22K,-5.57%
44251,49,697.5,48,911.1,51,311.8,47,031.7,153.75K,1.61%
44250,48,911.2,54,114.1,54,115.0,45,093.8,315.07K,-9.61%
44249,54,111.8,57,437.6,57,480.8,48,353.8,244.95K,-5.78%
44248,57,433.8,55,907.6,58,335.1,55,502.7,87.26K,2.70%
44247,55,923.7,55,922.0,57,523.8,54,124.1,127.85K,0.03%
44246,55,906.6,51,590.1,56,238.5,50,816.8,139.43K,8.38%
44245,51,582.2,52,094.5,52,524.0,50,941.6,94.35K,-0.95%
44244,52,079.2,49,161.3,52,577.7,49,018.1,140.03K,5.92%
44243,49,169.7,47,934.2,50,515.8,47,044.4,141.37K,2.57%
44242,47,936.3,48,611.1,48,936.5,45,786.1,123.18K,-1.45%
44241,48,643.4,47,172.1,49,695.1,47,051.9,106.50K,3.13%
44240,47,168.7,47,373.1,48,097.3,46,270.5,89.42K,-0.43%
44239,47,371.7,47,995.0,48,927.4,46,218.6,133.73K,-1.29%
44238,47,990.7,44,834.8,48,622.1,44,041.1,145.77K,7.04%
44237,44,836.0,46,507.8,47,295.3,43,800.5,151.83K,-3.60%
44236,46,508.6,46,396.4,48,143.5,45,104.7,193.87K,0.24%
44235,46,395.7,38,853.6,46,596.4,38,057.0,248.47K,19.41%
44234,38,852.9,39,228.9,39,691.7,37,381.6,125.37K,-1.03%
44233,39,256.6,38,300.6,40,939.7,38,275.3,156.02K,2.50%
44232,38,297.6,36,976.4,38,303.6,36,640.0,100.60K,3.56%
44231,36,982.1,37,648.9,38,707.9,36,380.8,151.44K,-1.77%
44230,37,646.8,35,486.9,37,646.8,35,401.5,131.03K,6.09%
44229,35,485.2,33,514.0,35,976.1,33,462.4,120.85K,5.88%
44228,33,515.7,33,106.8,34,685.6,32,324.9,126.32K,1.23%
44227,33,108.1,34,281.6,34,348.3,32,189.9,101.92K,-3.43%
44226,34,283.1,34,300.0,34,920.9,32,908.5,128.57K,-0.05%
44225,34,301.8,33,381.7,38,546.0,31,953.3,297.73K,2.78%
44224,33,374.8,30,408.9,33,790.8,29,911.9,167.39K,9.77%
44223,30,404.0,32,499.6,32,545.4,29,290.4,194.35K,-6.46%
44222,32,502.1,32,244.1,32,917.7,30,850.0,139.84K,0.77%
44221,32,252.3,32,244.3,34,854.3,31,967.4,142.43K,0.03%
44220,32,241.3,32,088.5,33,034.8,30,982.9,88.21K,0.47%
44219,32,088.9,32,994.1,33,441.4,31,418.2,100.70K,-2.76%
44218,33,000.5,30,838.7,33,821.2,28,871.2,243.09K,7.00%
44217,30,842.1,35,472.3,35,591.1,30,101.8,253.27K,-13.06%
44216,35,476.3,35,862.1,36,384.4,33,444.5,153.61K,-1.46%
44215,36,002.9,36,630.6,37,821.0,36,001.4,79.11K,-1.67%
44214,36,613.2,35,838.2,37,436.8,34,801.0,111.52K,2.16%
44213,35,839.6,36,020.1,36,801.3,33,883.5,126.82K,-0.50%
44212,36,019.5,36,751.8,37,931.7,35,408.4,137.02K,-2.24%
44211,36,845.8,39,175.7,39,715.0,34,488.7,118.42K,-5.95%
44210,39,175.7,37,383.4,40,054.3,36,772.1,172.40K,4.80%
44209,37,382.2,34,061.2,37,764.6,32,451.9,209.93K,9.70%
44208,34,076.1,35,426.0,36,598.7,32,572.7,241.93K,-4.13%
44207,35,544.3,38,195.3,38,217.2,30,411.6,251.04K,-6.93%
44206,38,192.2,40,149.7,41,362.4,35,141.6,215.78K,-4.88%
44205,40,151.9,40,607.2,41,363.5,38,775.1,128.42K,-1.10%
44204,40,599.3,39,466.4,41,921.7,36,613.4,251.29K,2.89%
44203,39,460.2,36,798.5,40,340.9,36,361.2,249.60K,7.25%
44202,36,793.2,33,999.3,36,934.8,33,408.3,227.56K,8.24%
44201,33,991.5,32,015.4,34,414.7,30,010.5,202.13K,6.15%
44200,32,022.6,33,016.6,33,587.5,28,204.5,255.27K,-2.84%
44199,32,958.9,32,192.9,34,755.9,32,029.6,155.21K,2.38%
44198,32,193.3,29,359.7,33,233.5,29,008.0,240.87K,9.65%
44197,29,359.9,28,951.7,29,627.1,28,712.4,100.90K,1.42%
44196,28,949.4,28,866.8,29,298.8,28,025.0,136.69K,0.28%
44195,28,868.7,27,374.5,28,979.3,27,374.5,159.82K,5.45%
44194,27,376.0,27,065.3,27,390.7,25,902.8,119.57K,1.18%
44193,27,057.8,26,259.2,27,444.9,26,144.3,126.98K,3.03%
44192,26,261.3,26,460.3,28,360.3,25,858.2,231.23K,-0.73%
44191,26,454.4,24,714.7,26,826.0,24,515.1,155.77K,7.15%
44190,24,689.6,23,728.7,24,778.9,23,445.3,2.40K,4.02%
44189,23,736.5,23,253.2,23,783.7,22,737.3,104.59K,2.06%
44188,23,257.9,23,820.8,24,063.7,22,694.7,178.47K,-2.37%
44187,23,823.2,22,730.4,23,825.4,22,388.6,130.75K,4.82%
44186,22,728.5,23,474.1,24,101.9,22,015.5,154.69K,-3.18%
44185,23,474.9,23,843.6,24,280.9,23,098.9,114.09K,-1.55%
44184,23,844.0,23,127.6,24,107.1,22,797.0,133.88K,3.10%
44183,23,127.9,22,823.3,23,272.8,22,361.5,131.80K,1.33%
44182,22,825.4,21,352.3,23,738.0,21,243.1,310.74K,6.90%
44181,21,352.2,19,434.7,21,525.3,19,299.7,199.81K,9.87%
44180,19,434.9,19,273.9,19,556.3,19,076.2,98.39K,0.84%
44179,19,273.8,19,176.4,19,346.5,19,007.0,67.11K,0.51%
44178,19,176.8,18,808.1,19,403.6,18,716.8,82.45K,1.96%
44177,18,808.9,18,026.7,18,936.2,18,025.1,71.37K,4.36%
44176,18,023.6,18,250.5,18,288.3,17,600.1,111.53K,-1.23%
44175,18,247.2,18,546.1,18,551.8,17,926.8,85.31K,-1.61%
44174,18,546.0,18,322.4,18,637.9,17,658.8,129.72K,1.20%
44173,18,326.6,19,170.8,19,288.6,18,229.2,101.41K,-4.40%
44172,19,170.7,19,368.4,19,424.6,18,908.8,61.98K,-1.08%
44171,19,379.9,19,146.0,19,417.1,18,873.0,54.56K,1.22%
44170,19,146.5,18,657.5,19,172.7,18,507.1,59.44K,2.62%
44169,18,658.1,19,431.1,19,529.5,18,610.8,110.63K,-3.99%
44168,19,433.3,19,219.8,19,596.6,18,883.7,99.97K,1.12%
44167,19,218.8,18,767.9,19,335.5,18,346.7,91.92K,2.39%
44166,18,770.7,19,697.8,19,897.4,18,257.0,208.72K,-4.71%
44165,19,698.1,18,186.0,19,831.2,18,186.0,185.59K,8.32%
44164,18,185.5,17,729.7,18,336.3,17,530.4,79.12K,2.57%
44163,17,730.7,17,142.6,17,874.4,16,874.4,95.20K,3.52%
44162,17,127.1,17,160.9,17,450.3,16,481.6,138.80K,-0.20%
44161,17,162.0,18,721.9,18,894.9,16,235.2,312.07K,-8.34%
44160,18,723.0,19,151.5,19,486.7,18,527.7,146.12K,-2.24%
44159,19,152.6,18,394.6,19,416.6,18,074.8,180.79K,4.21%
44158,18,379.6,18,428.1,18,756.8,18,016.0,127.35K,-0.18%
44157,18,412.9,18,689.3,18,751.5,17,644.6,121.76K,-1.47%
44156,18,687.2,18,673.8,18,966.0,18,397.5,108.91K,0.06%
44155,18,675.2,17,805.5,18,811.0,17,758.4,134.42K,4.90%
44154,17,803.5,17,775.1,18,166.0,17,380.1,135.94K,0.16%
44153,17,774.6,17,662.3,18,466.1,17,258.9,233.43K,0.64%
44152,17,662.3,16,715.8,17,845.4,16,562.0,175.87K,5.66%
44151,16,715.8,15,954.1,16,880.7,15,870.7,118.09K,4.78%
44150,15,953.0,16,074.7,16,158.1,15,782.3,58.43K,-0.73%
44149,16,071.0,16,323.1,16,328.2,15,717.7,83.64K,-1.55%
44148,16,324.2,16,293.0,16,474.1,15,973.4,113.75K,0.18%
44147,16,294.7,15,695.8,16,342.7,15,483.5,165.54K,3.82%
44146,15,695.8,15,303.1,15,953.9,15,281.0,119.07K,2.56%
44145,15,303.6,15,328.0,15,465.3,15,096.5,93.36K,-0.15%
44144,15,327.2,15,483.3,15,819.6,14,816.9,165.04K,-1.01%
44143,15,483.7,14,826.6,15,648.3,14,720.7,94.99K,4.42%
44142,14,828.4,15,578.2,15,754.4,14,385.1,160.73K,-4.81%
44141,15,577.9,15,593.9,15,955.2,15,223.5,186.13K,-0.06%
44140,15,587.1,14,145.6,15,739.9,14,099.7,227.49K,10.19%
44139,14,145.6,14,023.0,14,238.8,13,544.4,140.80K,0.90%
44138,14,019.9,13,560.5,14,054.0,13,294.6,108.17K,3.38%
44137,13,561.4,13,759.7,13,828.4,13,214.2,97.76K,-1.44%
44136,13,759.4,13,795.5,13,889.5,13,628.7,51.71K,-0.27%
44135,13,797.3,13,560.2,14,065.4,13,441.7,102.75K,1.75%
44134,13,559.9,13,457.0,13,667.9,13,134.5,108.77K,0.76%
44133,13,457.2,13,278.3,13,640.0,12,982.9,111.23K,1.34%
44132,13,278.9,13,658.3,13,851.7,12,907.6,144.18K,-2.77%
44131,13,657.8,13,061.5,13,782.3,13,050.3,128.64K,4.56%
44130,13,061.6,13,033.0,13,229.7,12,792.4,89.47K,0.23%
44129,13,032.2,13,117.0,13,345.3,12,900.4,59.73K,-0.65%
44128,13,117.2,12,933.6,13,161.5,12,876.4,51.20K,1.42%
44127,12,934.1,12,972.7,13,025.5,12,738.9,73.94K,-0.31%
44126,12,974.6,12,805.5,13,183.9,12,698.2,113.31K,1.30%
44125,12,808.7,11,913.6,13,213.5,11,894.6,197.72K,7.51%
44124,11,913.5,11,753.9,12,029.4,11,685.7,94.59K,1.36%
44123,11,753.4,11,507.1,11,823.3,11,413.9,73.04K,2.14%
44122,11,506.9,11,362.1,11,506.9,11,349.8,31.51K,1.27%
44121,11,362.1,11,321.8,11,402.7,11,274.4,29.86K,0.35%
44120,11,322.0,11,503.2,11,542.2,11,224.6,71.42K,-1.57%
44119,11,503.0,11,421.4,11,590.9,11,276.7,70.84K,0.72%
44118,11,420.4,11,424.4,11,541.0,11,293.5,59.12K,-0.03%
44117,11,423.8,11,533.5,11,558.0,11,315.9,64.67K,-0.95%
44116,11,533.9,11,370.8,11,715.9,11,227.4,84.02K,1.43%
44115,11,371.0,11,295.6,11,439.4,11,277.6,41.06K,0.64%
44114,11,298.4,11,053.5,11,475.0,11,053.1,65.81K,2.21%
44113,11,054.2,10,923.5,11,103.0,10,836.9,70.95K,1.19%
44112,10,924.1,10,670.7,10,948.6,10,549.6,79.78K,2.37%
44111,10,670.9,10,601.0,10,680.1,10,553.3,49.27K,0.64%
44110,10,602.6,10,790.2,10,800.3,10,530.8,69.07K,-1.73%
44109,10,789.5,10,672.5,10,789.6,10,623.4,48.86K,1.09%
44108,10,672.9,10,544.4,10,693.3,10,520.8,31.40K,1.22%
44107,10,544.2,10,572.2,10,597.8,10,501.2,29.10K,-0.27%
44106,10,572.3,10,619.6,10,662.9,10,387.6,77.94K,-0.45%
44105,10,620.5,10,776.6,10,913.7,10,462.7,95.33K,-1.44%
44104,10,776.1,10,843.4,10,847.7,10,667.6,55.55K,-0.60%
44103,10,840.9,10,694.3,10,858.4,10,642.4,59.64K,1.38%
44102,10,693.2,10,776.4,10,946.6,10,685.2,72.29K,-0.77%
44101,10,776.2,10,727.9,10,799.2,10,602.7,40.92K,0.45%
44100,10,727.9,10,688.9,10,793.3,10,650.2,37.85K,0.37%
44099,10,688.8,10,739.9,10,756.0,10,558.9,71.43K,-0.47%
44098,10,739.4,10,238.1,10,787.8,10,201.0,82.95K,4.90%
44097,10,237.3,10,531.5,10,535.4,10,146.6,74.95K,-2.79%
44096,10,531.5,10,419.4,10,570.7,10,361.7,63.52K,1.10%
44095,10,416.8,10,919.9,10,987.2,10,328.5,109.85K,-4.62%
44094,10,921.5,11,081.6,11,081.6,10,772.7,53.39K,-1.45%
44093,11,081.8,10,933.0,11,177.1,10,890.7,51.63K,1.36%
44092,10,933.0,10,941.3,11,029.7,10,818.7,63.48K,-0.08%
44091,10,941.3,10,950.1,11,039.3,10,755.2,77.22K,-0.07%
44090,10,949.5,10,785.2,11,093.3,10,669.2,94.94K,1.52%
44089,10,785.3,10,675.2,10,931.8,10,627.8,91.70K,1.03%
44088,10,675.3,10,332.7,10,744.3,10,264.5,96.64K,3.38%
44087,10,326.0,10,441.7,10,579.6,10,219.4,66.12K,-1.11%
44086,10,441.9,10,390.2,10,476.8,10,275.9,48.49K,0.50%
44085,10,390.2,10,339.8,10,398.8,10,212.6,62.28K,0.49%
44084,10,339.7,10,224.3,10,480.3,10,219.2,88.01K,1.13%
44083,10,224.6,10,126.8,10,343.3,9,984.6,71.37K,0.97%
44082,10,126.6,10,376.9,10,434.4,9,877.1,113.90K,-2.41%
44081,10,376.9,10,296.4,10,400.9,9,887.0,12.40M,0.78%
44080,10,296.4,10,092.2,10,337.7,10,004.7,12.12M,2.02%
44079,10,092.2,10,472.3,10,558.7,9,897.8,14.72M,-3.63%
44078,10,472.5,10,168.7,10,614.2,9,960.3,12.50M,2.99%
44077,10,168.8,11,413.2,11,442.7,10,009.5,9.65M,-10.90%
44076,11,413.3,11,914.4,11,947.5,11,244.9,20.26M,-4.21%
44075,11,914.9,11,644.2,12,045.9,11,544.6,580.69K,2.32%
44074,11,644.2,11,701.1,11,760.2,11,563.8,496.14K,-0.49%
44073,11,702.0,11,468.1,11,704.2,11,462.6,409.36K,2.04%
44072,11,468.1,11,527.8,11,576.8,11,433.5,389.85K,-0.51%
44071,11,527.4,11,327.5,11,539.0,11,281.9,464.94K,1.77%
44070,11,327.4,11,462.3,11,580.3,11,135.3,560.59K,-1.18%
44069,11,462.3,11,324.9,11,533.6,11,254.6,513.06K,1.21%
44068,11,324.8,11,752.9,11,766.9,11,131.0,594.07K,-3.65%
44067,11,753.5,11,641.6,11,824.6,11,587.1,429.13K,0.96%
44066,11,641.6,11,661.1,11,705.4,11,520.8,377.33K,-0.17%
44065,11,661.3,11,529.2,11,677.0,11,382.1,433.98K,1.15%
44064,11,529.2,11,856.9,11,877.4,11,495.6,506.38K,-2.76%
44063,11,856.9,11,751.0,11,881.0,11,672.7,430.93K,0.91%
44062,11,750.2,11,944.4,12,013.2,11,602.6,550.26K,-1.65%
44061,11,947.6,12,283.0,12,381.4,11,842.0,606.79K,-2.73%
44060,12,282.6,11,898.8,12,444.1,11,764.0,628.41K,3.22%
44059,11,899.0,11,845.5,11,922.5,11,688.9,410.81K,0.45%
44058,11,845.3,11,751.1,11,964.0,11,711.5,499.10K,0.80%
44057,11,750.8,11,771.1,11,835.5,11,651.5,435.44K,-0.17%
44056,11,770.9,11,557.2,11,772.9,11,298.4,545.67K,1.85%
44055,11,557.2,11,390.4,11,605.4,11,190.6,549.59K,1.46%
44054,11,390.4,11,889.2,11,931.8,11,146.7,615.90K,-4.19%
44053,11,889.2,11,681.1,12,041.1,11,546.9,564.11K,1.78%
44052,11,681.2,11,764.4,11,792.8,11,527.5,303.00K,-0.71%
44051,11,764.3,11,591.6,11,805.5,11,533.5,317.06K,1.49%
44050,11,592.0,11,757.1,11,901.8,11,352.4,517.00K,-1.40%
44049,11,757.1,11,735.0,11,898.4,11,563.0,554.85K,0.19%
44048,11,735.1,11,184.8,11,771.5,11,114.5,570.83K,4.92%
44047,11,184.7,11,223.8,11,407.8,11,043.0,485.79K,-0.35%
44046,11,224.4,11,066.9,11,461.1,10,981.6,470.24K,1.42%
44045,11,066.8,11,802.6,12,061.1,10,730.7,647.95K,-6.24%
44044,11,803.1,11,333.2,11,847.7,11,226.1,611.47K,4.14%
44043,11,333.4,11,096.5,11,434.8,10,964.6,530.95K,2.14%
44042,11,096.2,11,105.8,11,164.4,10,861.6,501.14K,-0.09%
44041,11,105.9,10,908.4,11,336.5,10,771.8,576.83K,1.81%
44040,10,908.5,10,961.1,11,046.1,10,873.6,658.37K,-1.04%
44039,11,022.8,9,932.7,11,367.0,9,894.6,908.99K,10.98%
44038,9,932.5,9,690.0,10,086.6,9,645.9,415.07K,2.35%
44037,9,704.1,9,546.7,9,729.3,9,536.2,306.29K,1.65%
44036,9,546.4,9,599.2,9,626.2,9,480.5,359.16K,-0.55%
44035,9,599.6,9,513.6,9,646.5,9,451.1,425.66K,0.90%
44034,9,513.7,9,387.4,9,523.1,9,296.0,386.00K,1.35%
44033,9,387.3,9,162.3,9,426.9,9,155.1,458.99K,2.46%
44032,9,162.4,9,208.1,9,218.4,9,139.9,312.98K,-0.50%
44031,9,208.0,9,170.1,9,224.8,9,106.4,265.25K,0.41%
44030,9,170.2,9,155.8,9,198.8,9,126.7,276.40K,0.16%
44029,9,155.8,9,135.4,9,181.9,9,091.5,310.92K,0.22%
44028,9,135.3,9,198.7,9,224.2,9,052.0,429.04K,-0.69%
44027,9,198.7,9,253.6,9,270.2,9,168.7,429.84K,-0.59%
44026,9,253.4,9,243.1,9,274.8,9,135.7,453.83K,0.11%
44025,9,243.6,9,300.5,9,329.6,9,207.6,456.87K,-0.62%
44024,9,300.8,9,234.2,9,337.8,9,170.4,366.88K,0.73%
44023,9,233.3,9,285.8,9,295.5,9,184.2,353.92K,-0.56%
44022,9,285.1,9,239.0,9,309.8,9,131.9,418.47K,0.53%
44021,9,235.7,9,430.1,9,434.5,9,176.0,444.27K,-2.06%
44020,9,429.9,9,256.3,9,458.3,9,233.1,509.94K,1.88%
44019,9,256.0,9,338.8,9,371.2,9,209.3,420.55K,-0.89%
44018,9,339.0,9,080.4,9,363.0,9,063.2,510.27K,2.84%
44017,9,081.0,9,134.3,9,149.6,8,932.1,314.10K,-0.58%
44016,9,134.4,9,067.1,9,182.3,9,049.6,261.25K,0.74%
44015,9,067.1,9,085.0,9,120.4,9,050.9,333.88K,-0.20%
44014,9,085.1,9,229.9,9,259.7,8,962.1,483.10K,-1.57%
44013,9,229.9,9,135.9,9,289.0,9,101.1,366.78K,1.03%
44012,9,135.4,9,186.0,9,199.8,9,075.3,381.73K,-0.54%
44011,9,185.4,9,122.8,9,229.1,9,033.6,401.12K,0.67%
44010,9,124.0,9,008.4,9,185.5,8,950.2,329.01K,1.28%
44009,9,008.3,9,160.5,9,190.5,8,865.3,441.93K,-1.66%
44008,9,160.0,9,247.5,9,296.5,9,060.1,489.84K,-0.95%
44007,9,247.5,9,300.8,9,327.3,9,022.6,524.45K,-0.59%
44006,9,302.0,9,624.6,9,667.4,9,223.0,515.78K,-3.35%
44005,9,624.6,9,683.9,9,715.6,9,581.8,375.49K,-0.61%
44004,9,683.7,9,296.5,9,751.9,9,285.8,523.32K,4.17%
44003,9,296.4,9,358.8,9,411.2,9,288.5,335.99K,-0.67%
44002,9,358.8,9,314.0,9,394.5,9,199.8,383.44K,0.48%
44001,9,314.0,9,390.3,9,424.0,9,249.6,478.49K,-0.79%
44000,9,388.1,9,464.6,9,480.4,9,289.3,391.67K,-0.81%
43999,9,464.6,9,523.6,9,543.6,9,258.2,446.45K,-0.62%
43998,9,523.5,9,425.6,9,577.1,9,379.3,545.47K,1.04%
43997,9,425.4,9,345.5,9,489.7,8,925.6,750.90K,0.86%
43996,9,345.3,9,470.7,9,474.7,9,264.4,311.27K,-1.33%
43995,9,471.3,9,466.5,9,484.9,9,369.9,364.97K,0.05%
43994,9,466.6,9,283.7,9,547.5,9,249.4,529.28K,1.97%
43993,9,283.2,9,878.9,9,945.2,9,139.1,919.30K,-6.03%
43992,9,878.8,9,768.8,9,970.9,9,710.7,533.55K,1.13%
43991,9,768.8,9,777.7,9,857.2,9,616.6,479.55K,-0.09%
43990,9,777.9,9,743.4,9,788.2,9,662.3,431.04K,0.36%
43989,9,742.6,9,669.6,9,791.8,9,417.4,549.20K,0.76%
43988,9,669.6,9,630.8,9,733.1,9,549.5,370.85K,0.40%
43987,9,631.2,9,794.0,9,846.1,9,628.7,527.05K,-1.67%
43986,9,794.4,9,667.2,9,864.4,9,490.9,593.66K,1.32%
43985,9,667.2,9,527.0,9,667.2,9,421.7,558.12K,1.47%
43984,9,527.6,10,190.7,10,207.3,9,347.3,1.06M,-6.49%
43983,10,189.3,9,454.5,10,301.8,9,429.7,796.68K,7.77%
43982,9,454.8,9,692.9,9,695.6,9,406.2,645.27K,-2.45%
43981,9,692.5,9,424.8,9,729.9,9,352.7,720.62K,2.84%
43980,9,424.8,9,573.4,9,596.5,9,358.1,814.33K,-1.54%
43979,9,572.2,9,199.8,9,610.8,9,119.2,948.86K,4.06%
43978,9,199.1,8,842.3,9,210.9,8,818.6,810.89K,4.03%
43977,8,842.5,8,897.7,8,994.6,8,713.9,784.92K,-0.63%
43976,8,898.2,8,728.0,8,959.5,8,666.1,941.89K,1.95%
43975,8,728.2,9,177.9,9,292.0,8,724.1,1.11M,-4.89%
43974,9,177.0,9,169.8,9,303.2,9,098.9,812.56K,0.08%
43973,9,169.7,9,058.2,9,253.5,8,952.1,914.59K,1.22%
43972,9,059.0,9,511.6,9,567.1,8,833.6,1.41M,-4.76%
43971,9,512.3,9,773.0,9,829.3,9,368.4,1.15M,-2.67%
43970,9,773.3,9,730.8,9,883.9,9,498.7,1.16M,0.44%
43969,9,730.7,9,678.4,9,930.2,9,524.4,1.18M,0.55%
43968,9,677.7,9,376.6,9,866.0,9,327.8,1.18M,3.18%
43967,9,379.5,9,318.1,9,579.0,9,233.0,1.10M,0.66%
43966,9,318.0,9,778.6,9,819.6,9,223.2,1.56M,-4.71%
43965,9,778.4,9,298.7,9,887.5,9,265.8,1.77M,5.16%
43964,9,298.7,8,813.9,9,384.6,8,799.1,1.50M,5.50%
43963,8,813.8,8,569.8,8,964.5,8,542.8,1.35M,2.73%
43962,8,579.8,8,737.6,9,129.6,8,235.6,2.29M,-1.82%
43961,8,738.8,9,553.9,9,569.4,8,259.3,2.47M,-8.54%
43960,9,554.6,9,806.0,9,910.5,9,533.6,1.49M,-2.57%
43959,9,806.2,9,980.1,10,018.2,9,731.4,1.42M,-1.74%
43958,9,979.8,9,152.7,10,033.0,9,064.8,1.91M,9.05%
43957,9,151.4,9,000.6,9,373.7,8,923.6,1.62M,1.67%
43956,9,001.0,8,874.2,9,078.7,8,800.4,1.05M,1.42%
43955,8,874.7,8,885.5,8,945.5,8,553.2,1.12M,-0.12%
43954,8,885.5,8,966.2,9,169.9,8,742.2,1.15M,-0.90%
43953,8,966.3,8,821.6,8,986.2,8,771.3,890.34K,1.64%
43952,8,821.6,8,628.6,9,040.3,8,621.0,1.11M,2.23%
43951,8,629.0,8,770.6,9,437.5,8,425.5,2.04M,-1.62%
43950,8,770.9,7,746.7,8,918.5,7,729.7,1.83M,13.22%
43949,7,746.9,7,766.0,7,770.1,7,655.3,808.09K,-0.25%
43948,7,766.0,7,679.4,7,768.5,7,637.7,980.50K,1.13%
43947,7,678.9,7,540.4,7,679.4,7,520.5,921.59K,1.84%
43946,7,540.4,7,503.9,7,684.6,7,451.0,861.93K,0.49%
43945,7,503.8,7,491.3,7,583.5,7,423.5,951.95K,0.20%
43944,7,488.5,7,112.8,7,655.4,7,036.5,1.34M,5.28%
43943,7,112.9,6,842.5,7,137.4,6,821.8,914.18K,3.95%
43942,6,842.5,6,833.4,6,919.3,6,774.3,892.57K,0.13%
43941,6,833.5,7,122.9,7,207.5,6,771.2,1.26M,-4.06%
43940,7,122.9,7,230.9,7,238.0,7,079.1,5.93M,-1.49%
43939,7,230.8,7,035.9,7,259.4,7,031.5,796.45K,2.77%
43938,7,035.8,7,085.5,7,142.8,7,005.8,810.10K,-0.70%
43937,7,085.6,6,629.1,7,159.7,6,520.5,1.54M,6.89%
43936,6,629.1,6,851.3,6,929.5,6,615.9,1.00M,-3.24%
43935,6,850.9,6,841.8,6,970.8,6,768.6,999.53K,0.14%
43934,6,841.3,6,918.1,6,920.3,6,618.5,1.25M,-1.10%
43933,6,917.6,6,867.9,7,158.8,6,785.1,1.10M,0.73%
43932,6,867.8,6,862.7,6,931.4,6,765.1,845.58K,0.07%
43931,6,863.1,7,289.0,7,294.4,6,756.1,1.37M,-5.84%
43930,7,289.0,7,361.1,7,361.1,7,140.3,963.55K,-0.98%
43929,7,361.2,7,185.6,7,396.1,7,153.1,983.94K,2.45%
43928,7,185.2,7,332.3,7,440.3,7,101.7,1.32M,-2.01%
43927,7,332.3,6,772.8,7,335.0,6,770.1,1.53M,8.26%
43926,6,772.7,6,857.5,6,889.4,6,686.0,842.33K,-1.23%
43925,6,857.4,6,735.9,6,958.6,6,679.1,1.05M,1.80%
43924,6,735.9,6,799.9,7,026.3,6,623.6,1.35M,-0.95%
43923,6,800.5,6,638.8,7,182.7,6,567.9,1.74M,2.44%
43922,6,638.5,6,412.4,6,661.3,6,157.4,1.40M,3.52%
43921,6,412.5,6,391.1,6,513.1,6,346.3,1.05M,0.34%
43920,6,391.0,5,890.4,6,576.5,5,872.5,1.43M,8.50%
43919,5,890.4,6,233.2,6,258.8,5,889.3,916.17K,-5.51%
43918,6,233.7,6,373.4,6,374.3,6,046.5,1.26M,-2.19%
43917,6,373.4,6,725.5,6,813.7,6,322.3,1.16M,-5.23%
43916,6,725.1,6,677.9,6,772.9,6,541.7,1.18M,0.69%
43915,6,678.9,6,744.8,6,930.2,6,474.6,1.52M,-0.97%
43914,6,744.6,6,468.8,6,814.2,6,380.8,1.73M,4.26%
43913,6,468.9,5,822.0,6,564.7,5,710.8,1.88M,11.11%
43912,5,822.1,6,186.9,6,394.4,5,771.2,1.48M,-5.89%
43911,6,186.2,6,205.6,6,438.3,5,887.0,1.64M,-0.31%
43910,6,205.3,6,171.6,6,858.1,5,748.2,2.22M,0.54%
43909,6,172.0,5,359.2,6,379.5,5,256.0,2.18M,15.12%
43908,5,361.4,5,260.7,5,373.1,5,020.9,1.80M,1.91%
43907,5,261.1,5,030.2,5,432.8,4,946.5,1.89M,4.59%
43906,5,030.0,5,366.4,5,369.3,4,477.7,2.55M,-6.27%
43905,5,366.3,5,182.9,5,863.3,5,120.6,1.61M,3.54%
43904,5,182.7,5,589.4,5,634.9,5,072.2,1.69M,-7.19%
43903,5,584.3,4,815.2,5,934.3,3,869.5,4.17M,15.71%
43902,4,826.0,7,935.2,7,963.1,4,546.6,3.22M,-39.18%
43901,7,935.1,7,892.1,7,976.5,7,606.0,1.10M,0.56%
43900,7,891.2,7,933.0,8,145.5,7,740.2,1.20M,-0.53%
43899,7,933.0,8,035.8,8,158.8,7,648.7,1.54M,-1.26%
43898,8,034.1,8,887.8,8,888.0,8,015.3,1.11M,-9.61%
43897,8,887.8,9,134.2,9,180.8,8,848.7,750.65K,-2.70%
43896,9,134.8,9,060.6,9,165.2,9,004.9,1.04M,0.82%
43895,9,060.3,8,757.9,9,147.3,8,751.5,950.76K,3.45%
43894,8,757.9,8,761.3,8,840.3,8,679.7,759.69K,-0.04%
43893,8,761.4,8,906.1,8,911.7,8,669.3,1.01M,-1.61%
43892,8,904.8,8,537.5,8,961.8,8,503.1,1.02M,4.27%
43891,8,540.0,8,543.8,8,737.2,8,437.2,784.05K,-0.04%
43890,8,543.7,8,697.1,8,793.7,8,539.8,683.44K,-1.77%
43889,8,697.5,8,820.1,8,898.7,8,451.9,1.08M,-1.37%
43888,8,818.6,8,800.1,8,968.3,8,538.5,1.13M,0.21%
43887,8,800.3,9,317.1,9,368.1,8,672.0,1.32M,-5.55%
43886,9,317.2,9,662.6,9,672.3,9,269.8,937.97K,-3.57%
43885,9,662.7,9,943.2,9,981.0,9,507.0,980.00K,-2.82%
43884,9,942.7,9,655.6,9,965.6,9,653.4,775.88K,2.97%
43883,9,655.7,9,684.5,9,706.5,9,569.8,589.88K,-0.30%
43882,9,684.5,9,602.2,9,747.1,9,574.5,716.61K,0.85%
43881,9,602.4,9,611.9,9,681.4,9,448.9,870.80K,-0.07%
43880,9,609.4,10,158.6,10,230.9,9,424.3,905.95K,-5.40%
43879,10,158.4,9,701.5,10,230.1,9,601.6,945.91K,4.71%
43878,9,701.4,9,931.7,9,951.5,9,468.9,961.88K,-2.32%
43877,9,932.3,9,907.4,10,056.4,9,654.9,808.91K,0.25%
43876,9,907.7,10,336.0,10,369.8,9,831.7,808.81K,-4.12%
43875,10,333.0,10,235.5,10,372.4,10,125.2,732.51K,0.96%
43874,10,235.1,10,321.9,10,482.6,10,116.9,940.30K,-0.80%
43873,10,317.7,10,229.3,10,435.6,10,229.3,803.25K,0.86%
43872,10,229.5,9,854.0,10,314.1,9,725.1,791.28K,3.81%
43871,9,854.1,10,151.5,10,181.7,9,774.8,781.22K,-2.93%
43870,10,151.5,9,895.4,10,157.1,9,882.7,617.35K,2.59%
43869,9,895.5,9,817.3,9,931.2,9,673.2,551.31K,0.78%
43868,9,818.6,9,771.9,9,872.5,9,738.7,608.96K,0.48%
43867,9,772.0,9,611.8,9,854.9,9,536.1,778.67K,1.67%
43866,9,611.8,9,194.1,9,726.8,9,179.9,771.46K,4.54%
43865,9,193.9,9,296.5,9,347.5,9,193.9,651.68K,-1.10%
43864,9,296.6,9,334.6,9,582.8,9,243.1,701.39K,-0.41%
43863,9,334.9,9,381.5,9,465.4,9,183.1,683.37K,-0.50%
43862,9,381.6,9,349.3,9,458.8,9,301.5,458.42K,0.35%
43861,9,349.1,9,508.3,9,525.0,9,222.3,633.37K,-1.66%
43860,9,507.3,9,299.1,9,569.0,9,209.2,765.21K,2.24%
43859,9,298.9,9,377.3,9,428.7,9,250.9,749.88K,-0.84%
43858,9,377.3,8,866.6,9,389.5,8,866.6,954.20K,5.76%
43857,8,866.6,8,608.1,8,983.1,8,585.6,706.45K,3.01%
43856,8,607.8,8,341.6,8,607.8,8,304.9,468.34K,3.19%
43855,8,341.6,8,439.9,8,447.6,8,277.2,444.00K,-1.17%
43854,8,439.9,8,404.9,8,522.0,8,242.6,617.02K,0.41%
43853,8,405.1,8,678.5,8,687.3,8,309.6,722.67K,-3.15%
43852,8,678.5,8,733.0,8,805.4,8,610.8,509.06K,-0.62%
43851,8,732.6,8,642.0,8,770.3,8,524.0,540.20K,1.05%
43850,8,641.9,8,705.7,8,740.1,8,539.2,599.06K,-0.74%
43849,8,706.2,8,916.3,9,183.7,8,552.8,975.01K,-2.36%
43848,8,916.3,8,913.0,8,982.3,8,814.6,627.74K,0.04%
43847,8,913.1,8,726.7,9,005.1,8,675.9,794.11K,2.13%
43846,8,726.9,8,818.1,8,850.0,8,605.8,748.32K,-1.04%
43845,8,818.3,8,827.9,8,904.0,8,615.5,1.17M,-0.12%
43844,8,829.2,8,111.2,8,898.7,8,111.2,1.48M,8.85%
43843,8,111.4,8,188.3,8,196.7,8,068.4,610.66K,-0.93%
43842,8,187.6,8,023.3,8,189.9,7,973.1,595.22K,2.04%
43841,8,024.1,8,187.8,8,262.9,8,008.4,776.75K,-1.99%
43840,8,187.1,7,842.5,8,187.4,7,697.7,1.05M,4.40%
43839,7,842.4,8,060.0,8,065.9,7,779.2,786.50K,-2.70%
43838,8,059.6,8,154.2,8,436.4,7,900.8,1.19M,-1.18%
43837,8,155.7,7,759.1,8,182.0,7,754.1,1.01M,5.11%
43836,7,759.1,7,372.6,7,783.1,7,366.7,786.75K,5.24%
43835,7,372.5,7,376.8,7,501.0,7,345.6,628.14K,-0.06%
43834,7,376.8,7,345.1,7,433.1,7,291.4,523.91K,0.46%
43833,7,343.1,6,967.1,7,402.9,6,884.1,936.29K,5.40%
43832,6,967.0,7,199.7,7,209.6,6,901.4,632.78K,-3.23%
43831,7,199.8,7,196.4,7,259.4,7,180.0,420.28K,0.05%
