Date;Price;Open;High;Low;Vol;Change
45505;653729;646257;655879;623039;84.20;1.16%
45504;646260;661854;668256;645383;51.52;-2.36%
45503;661849;667961;669983;653287;54.43;-0.92%
45502;667987;682563;700002;665445;85.67;-2.14%
45501;682563;678889;682919;670678;26.17;0.61%
45500;678431;679108;693876;667768;67.99;-0.10%
45499;679086;657997;682050;657643;59.13;3.21%
45498;657993;653639;660886;635009;77.46;0.66%
45497;653705;659368;670721;651552;52.47;-0.86%
45496;659378;675504;677502;655129;69.58;-2.39%
45495;675536;681584;684689;666018;54.88;-0.89%
45494;681587;671478;683529;658256;47.19;1.50%
45493;671485;666770;675864;662574;32.94;0.71%
45492;666774;639812;673904;633261;82.87;4.22%
45491;639805;640904;651020;632535;51.27;-0.17%
45490;640892;650528;660515;638975;66.11;-1.48%
45489;650497;647492;653195;624308;93.63;0.41%
45488;647824;607947;648695;606788;96.02;6.56%
45487;607949;592079;613269;592079;47.48;2.68%
45486;592098;578974;598265;577706;34.28;2.29%
45485;578851;573383;585209;565757;56.84;0.96%
45484;573373;577459;594044;570950;66.40;-0.71%
45483;577467;580402;593938;571853;59.60;-0.50%
45482;580394;567213;582340;563063;64.25;2.32%
45481;567247;558502;581158;543200;102.91;1.55%
45480;558611;582402;583946;557563;41.12;-4.12%
45479;582592;566400;584620;560268;46.91;2.86%
45478;566418;570257;574711;538834;175.51;-0.67%
45477;570263;602014;604630;568127;116.38;-5.27%
45476;601993;621049;622636;594666;73.34;-3.07%
45475;621033;628883;632570;617976;46.52;-1.25%
45474;628901;627688;638421;625580;59.94;0.22%
45473;627543;609731;630066;607037;37.21;2.92%
45472;609734;604037;611928;603828;26.56;0.94%
45471;604033;616846;621754;600819;58.95;-2.08%
45470;616853;608483;623512;606294;48.79;1.37%
45469;608494;618099;624694;607151;54.95;-1.55%
45468;618094;602920;622660;602622;77.28;2.52%
45467;602927;632016;633571;585899;120.60;-4.59%
45466;631962;642610;645189;631953;19.94;-1.66%
45465;642610;641319;645239;639440;17.55;0.21%
45464;641285;648543;650549;634279;60.86;-1.12%
45463;648543;649821;664742;645667;56.24;-0.19%
45462;649809;651598;657064;647056;42.96;-0.27%
45461;651599;664957;665712;640984;93.72;-2.01%
45460;664988;666729;672538;651154;66.09;-0.26%
45459;666747;662230;669514;660381;20.74;0.68%
45458;662230;660341;664464;658951;24.05;0.29%
45457;660348;667752;673477;650765;65.18;-1.11%
45456;667731;682606;683846;663243;66.36;-2.18%
45455;682601;673209;699908;669115;85.55;1.40%
45454;673198;695379;695733;661978;96.70;-3.19%
45453;695382;696502;701525;692599;39.12;-0.16%
45452;696506;693105;698478;691367;20.99;0.49%
45451;693101;693470;695721;692224;23.03;-0.05%
45450;693479;707934;719565;686207;82.62;-2.04%
45449;707915;710836;716161;701787;49.79;-0.41%
45448;710837;705509;717444;703971;67.06;0.76%
45447;705492;688080;710342;685643;75.69;2.53%
45446;688078;677633;701310;676168;69.42;1.53%
45445;677735;677608;684475;673306;30.63;0.02%
45444;677608;675339;678610;674496;19.01;0.34%
45443;675301;683523;690182;666768;61.51;-1.21%
45442;683547;676313;695047;671384;66.84;1.06%
45441;676358;683662;688976;671432;52.13;-1.07%
45440;683660;694283;695607;672999;71.39;-1.53%
45439;694287;685146;706383;682752;49.07;1.33%
45438;685148;692872;694940;682945;24.58;-1.11%
45437;692844;685482;695588;685161;25.17;1.07%
45436;685476;679711;692120;666858;63.28;0.84%
45435;679757;691663;700410;665781;89.45;-1.71%
45434;691554;701410;705934;690243;65.08;-1.40%
45433;701399;714305;718720;691817;108.56;-1.80%
45432;714227;662783;714828;660765;112.66;7.76%
45431;662791;669190;676625;659373;36.19;-0.95%
45430;669175;670366;673614;666361;29.68;-0.18%
45429;670368;652311;674207;651217;63.09;2.77%
45428;652310;662196;666439;646233;72.55;-1.50%
45427;662251;615694;664171;613575;106.05;7.56%
45426;615694;629368;631026;611569;68.84;-2.17%
45425;629372;614805;634432;607790;70.55;2.37%
45424;614800;608266;618477;606471;27.40;1.07%
45423;608266;607968;614875;604993;27.50;0.05%
45422;607969;630743;634543;602518;79.33;-3.61%
45421;630750;612073;634133;606714;64.22;3.05%
45420;612075;623049;629974;608942;56.47;-1.78%
45419;623177;631631;643610;622941;59.74;-1.34%
45418;631631;640058;654488;627307;77.68;-1.32%
45417;640064;638977;645872;629239;40.51;0.18%
45416;638883;628871;644660;625991;53.03;1.61%
45415;628775;591043;632984;588308;100.46;6.35%
45414;591213;583349;595480;569898;98.06;1.35%
45413;583312;606650;608275;566435;171.55;-3.85%
45412;606666;638524;647002;592287;121.04;-5.00%
45411;638601;631137;641931;618372;67.26;1.19%
45410;631097;634579;643461;628278;36.65;-0.55%
45409;634568;637658;639167;625077;45.34;-0.49%
45408;637664;644971;647713;633549;61.60;-1.13%
45407;644971;642871;652475;628892;80.77;0.33%
45406;642857;664149;670605;636069;77.83;-3.21%
45405;664150;668295;671800;658483;52.42;-0.62%
45404;668293;649401;672080;645275;72.30;2.91%
45403;649402;649421;656806;642675;42.02;-0.03%
45402;649611;638176;653756;631317;49.33;1.82%
45401;637991;634805;654412;596933;150.34;0.50%
45400;634814;612789;640924;608223;97.38;3.59%
45399;612789;638023;644515;598208;118.92;-3.96%
45398;638053;634161;642744;617156;114.96;0.62%
45397;634119;656966;668051;623795;118.79;-3.48%
45396;656974;639095;657582;621747;134.40;2.89%
45395;638499;671374;679210;610655;149.48;-4.92%
45394;671519;700149;712269;658293;131.84;-4.08%
45393;700116;706204;712492;695861;72.51;-0.86%
45392;706221;691478;710869;675700;97.71;2.13%
45391;691480;716273;717372;682646;93.69;-3.47%
45390;716301;693580;727108;691105;105.78;3.27%
45389;693604;688973;702858;688494;46.99;0.68%
45388;688906;678305;696320;674672;41.48;1.56%
45387;678306;684987;686922;660233;88.97;-0.97%
45386;684965;659684;692388;650963;100.30;3.84%
45385;659630;654436;668448;645590;88.46;0.80%
45384;654392;696627;696730;646284;152.87;-6.07%
45383;696644;713293;713293;681759;94.05;-2.34%
45382;713320;696085;713675;695766;42.45;2.47%
45381;696115;698723;703212;695649;29.87;-0.37%
45380;698717;707667;709070;690909;58.99;-1.26%
45379;707621;694494;715425;689569;72.49;1.90%
45378;694424;699992;716708;684286;112.88;-0.80%
45377;699993;698963;714907;693664;90.98;0.15%
45376;698920;672164;711188;663950;124.72;3.99%
45375;672119;640365;675878;638129;65.59;4.96%
45374;640378;637856;659724;630749;35.11;0.40%
45373;637855;655015;666333;623283;72.43;-2.62%
45372;655038;678600;681617;646161;75.26;-3.46%
45371;678540;620468;680295;608509;133.53;9.35%
45370;620500;675941;680996;615606;148.08;-8.20%
45369;675941;683897;689201;666014;78.07;-1.17%
45368;683912;653142;688577;646055;66.07;4.71%
45367;653142;694565;700370;649710;75.82;-5.97%
45366;694637;713871;723981;657656;148.59;-2.69%
45365;713875;730667;737409;687172;109.43;-2.30%
45364;730663;714619;736235;713384;77.18;2.23%
45363;714702;720991;729167;688456;105.09;-0.87%
45362;720991;689647;727715;674528;114.72;4.54%
45361;689648;683607;699053;681650;53.49;0.88%
45360;683665;681785;685769;679239;30.71;0.29%
45359;681720;668544;699040;661707;112.67;1.97%
45358;668553;660746;679855;656026;77.47;1.17%
45357;660804;637947;676049;628487;117.91;3.59%
45356;637926;682731;690631;601382;207.60;-6.56%
45355;682701;631358;684951;627468;130.86;8.13%
45354;631358;619556;632273;613994;38.01;1.84%
45353;619945;623977;624463;616219;33.80;-0.65%
45352;623977;611573;631473;607909;74.96;2.01%
45351;611693;624671;636534;605125;119.29;-2.08%
45350;624676;570487;639153;567049;173.64;9.48%
45349;570562;544911;575552;544640;100.48;4.70%
45348;544951;517227;548991;509252;78.05;5.36%
45347;517227;515721;519520;512990;23.61;0.29%
45346;515716;507396;516899;505920;20.99;1.64%
45345;507405;513206;515325;505376;43.27;-1.13%
45344;513204;518502;520158;509473;50.27;-1.04%
45343;518582;522635;523673;506769;59.02;-0.78%
45342;522635;517831;529368;508018;68.10;0.93%
45341;517836;521196;524848;516942;36.73;-0.64%
45340;521175;516460;523503;511996;26.89;0.91%
45339;516460;521342;521755;506523;32.45;-0.94%
45338;521342;519014;525567;516126;52.86;0.45%
45337;519013;518052;528194;513275;74.72;0.23%
45336;517824;497086;520107;492638;80.35;4.16%
45335;497160;499410;503266;483983;78.51;-0.45%
45334;499413;482802;502773;477299;81.85;3.45%
45333;482773;477593;485316;475902;36.50;1.09%
45332;477582;471280;481490;468750;31.20;1.34%
45331;471275;452933;481188;452542;98.11;4.05%
45330;452933;443462;455792;443364;66.38;2.15%
45329;443398;430884;443679;427835;48.57;2.91%
45328;430877;426976;433755;425668;33.32;0.91%
45327;426972;425814;435322;422725;39.26;0.27%
45326;425814;430062;431132;423794;20.33;-0.99%
45325;430057;431947;433704;428820;14.57;-0.44%
45324;431947;430837;434593;425963;42.65;0.26%
45323;430814;425801;432631;418905;47.69;1.18%
45322;425805;429462;437397;423154;56.48;-0.85%
45321;429462;433033;438179;427029;55.13;-0.82%
45320;432998;420314;433056;418247;45.23;3.02%
45319;420307;421213;428171;416490;32.53;-0.21%
45318;421209;418115;421918;414130;20.46;0.74%
45317;418113;399420;422148;398312;69.47;4.70%
45316;399357;400851;402858;395463;46.30;-0.37%
45315;400860;398913;405352;395100;58.64;0.49%
45314;398888;395550;401594;385469;82.67;0.84%
45313;395564;415817;416849;394684;85.10;-4.87%
45312;415832;416954;418780;415045;16.11;-0.27%
45311;416954;416476;418580;414495;22.27;0.11%
45310;416480;412938;421646;403054;72.64;0.86%
45309;412927;427635;429080;406826;70.35;-3.45%
45308;427687;431391;431923;422118;50.44;-0.87%
45307;431455;425152;435637;420931;63.93;1.49%
45306;425107;417476;433489;417192;52.08;1.83%
45305;417461;428513;430694;417396;37.14;-2.58%
45304;428513;428367;432486;424433;48.18;0.04%
45303;428359;463481;465032;418579;136.92;-7.58%
45302;463482;466293;489237;456518;131.04;-0.60%
45301;466293;461120;476543;444036;131.48;1.08%
45300;461290;469592;478801;453339;100.09;-1.77%
45299;469622;439342;471967;432510;103.09;6.91%
45298;439273;439735;444812;436279;29.53;-0.09%
45297;439679;441566;442032;434240;24.26;-0.43%
45296;441569;441630;443121;426290;68.07;0.00%
45295;441570;428361;447445;426328;68.05;3.08%
45294;428361;449437;454927;408883;117.65;-4.69%
45293;449437;441829;458854;441660;97.84;1.72%
45292;441834;422725;441870;421967;36.30;4.52%
45291;422725;421416;428788;419714;35.58;0.32%
45290;421367;420747;425922;415273;35.18;0.15%
45289;420724;425811;431080;414590;60.98;-1.19%
45288;425811;434465;437826;423093;49.84;-1.99%
45287;434465;425143;436767;421153;50.10;2.20%
45286;425133;435799;435949;417966;56.03;-2.44%
45285;435785;429820;437927;427453;32.67;1.39%
45284;429815;437104;439357;427485;30.86;-1.67%
45283;437104;439689;439946;433257;21.29;-0.59%
45282;439689;438659;443946;434193;44.50;0.23%
45281;438659;436603;442418;433102;48.96;0.47%
45280;436628;422595;442787;422172;70.19;3.32%
45279;422593;426597;434733;418427;55.29;-0.94%
45278;426597;413691;427280;405540;61.58;3.12%
45277;413687;422717;424132;412769;35.46;-2.14%
45276;422717;419290;426903;416982;30.11;0.82%
45275;419290;430252;430807;416979;45.28;-2.55%
45274;430259;428863;433927;415912;59.15;0.33%
45273;428845;414870;434175;406493;63.11;3.37%
45272;414870;412561;420709;406915;57.04;0.56%
45271;412561;437910;438063;402771;105.19;-5.79%
45270;437910;437166;440454;435768;23.81;0.17%
45269;437184;441755;443612;436174;31.67;-1.03%
45268;441755;432883;446976;431084;58.44;2.05%
45267;432897;437744;440464;428605;63.09;-1.11%
45266;437763;440762;442837;434667;72.52;-0.68%
45265;440762;419896;444241;414249;96.84;4.97%
45264;419878;399686;423944;399686;104.21;5.05%
45263;399702;394568;401789;392803;35.27;1.30%
45262;394584;386882;396734;386465;37.09;1.99%
45261;386882;377129;389508;376183;62.50;2.59%
45260;377129;378576;381444;375092;33.53;-0.38%
45259;378555;378233;383629;376076;49.34;0.09%
45258;378233;372443;383794;368811;57.50;1.54%
45257;372486;374518;375633;367515;45.24;-0.54%
45256;374518;377864;378191;371663;29.20;-0.89%
45255;377870;377186;378874;375999;16.09;0.18%
45254;377173;372950;384008;372574;65.83;1.14%
45253;372931;374108;376425;369153;32.35;-0.31%
45252;374108;357975;378625;356956;64.81;4.46%
45251;358136;374527;376312;357992;71.07;-4.38%
45250;374541;373566;377356;368576;51.80;0.27%
45249;373542;365686;375046;363933;26.14;2.15%
45248;365686;366175;368452;362206;20.88;-0.07%
45247;365954;361618;366906;358752;51.37;1.20%
45246;361612;378739;379076;355616;66.92;-4.52%
45245;378749;355493;379541;353796;75.51;6.54%
45244;355493;364783;367445;349843;63.56;-2.55%
45243;364783;370678;374046;363584;44.55;-1.58%
45242;370644;371490;372153;367619;21.45;-0.23%
45241;371505;373063;374013;367676;29.53;-0.41%
45240;373030;367005;374961;363472;59.56;1.64%
45239;367005;356369;379420;355781;115.56;2.98%
45238;356369;354262;360502;351488;46.33;0.60%
45237;354261;350421;358779;345369;53.49;1.10%
45236;350420;350203;352756;347429;29.81;0.06%
45235;350194;350658;353602;345500;31.02;-0.13%
45234;350658;347186;352422;346011;23.80;1.00%
45233;347187;349314;349406;341242;54.54;-0.61%
45232;349314;354238;359076;343574;63.66;-1.39%
45231;354238;346483;355575;341387;71.66;2.23%
45230;346506;344789;347046;340539;43.40;0.50%
45229;344779;345267;348533;340895;45.20;-0.14%
45228;345267;340826;347379;339376;27.72;1.30%
45227;340826;339016;343878;338673;22.00;0.53%
45226;339018;341537;342458;334236;47.33;-0.74%
45225;341537;344976;348260;337499;56.62;-0.99%
45224;344968;339170;351239;337134;75.81;1.71%
45223;339170;330373;351914;328665;159.08;2.65%
45222;330418;299842;343756;298914;133.46;10.20%
45221;299842;299127;301934;297136;29.07;0.24%
45220;299129;296747;302648;294691;34.68;0.80%
45219;296745;287240;301659;285861;82.68;3.31%
45218;287230;283218;288838;281702;50.10;1.42%
45217;283217;284052;288760;281690;45.01;-0.29%
45216;284036;285083;286085;280969;53.42;-0.37%
45215;285097;271612;299695;271197;119.18;4.96%
45214;271612;268528;272869;268126;21.95;1.15%
45213;268528;268635;269757;268051;13.56;-0.04%
45212;268635;267611;271148;266829;33.66;0.38%
45211;267611;268782;269428;265653;32.75;-0.43%
45210;268766;273919;274759;265584;55.78;-1.88%
45209;273910;275815;277281;273001;34.32;-0.69%
45208;275814;279227;279864;272795;44.81;-1.22%
45207;279227;279611;280975;277144;24.11;-0.14%
45206;279611;279355;280213;278590;17.29;0.09%
45205;279369;274103;282236;271957;52.51;1.92%
45204;274103;277835;280891;273717;46.26;-1.37%
45203;277909;274287;278327;272425;40.93;1.32%
45202;274284;275016;276708;271941;44.06;-0.28%
45201;275053;279746;285566;273252;84.30;-1.68%
45200;279745;269625;280384;269557;35.11;3.75%
45199;269627;269081;270857;268875;17.55;0.20%
45198;269098;270226;272295;267288;42.24;-0.42%
45197;270226;263682;272836;263394;64.56;2.49%
45196;263661;262189;268369;261091;50.80;0.56%
45195;262189;263031;263962;260934;26.41;-0.32%
45194;263027;262516;264236;260136;38.20;0.20%
45193;262515;265790;267276;261622;22.32;-1.23%
45192;265792;265817;266362;265175;12.92;-0.01%
45191;265819;265695;267364;264885;28.79;0.04%
45190;265700;271252;271556;263823;47.81;-2.05%
45189;271250;272092;273786;268518;47.23;-0.31%
45188;272092;267590;274807;266722;52.17;1.67%
45187;267635;265303;274133;264052;63.35;0.88%
45186;265291;265620;266144;264087;16.57;-0.12%
45185;265620;265999;267690;264635;18.45;-0.15%
45184;266010;265233;268374;262331;36.47;0.29%
45183;265247;262230;267603;261486;53.82;1.15%
45182;262230;258361;263823;257669;42.58;1.50%
45181;258345;251664;264726;251335;78.71;2.65%
45180;251664;258402;258974;249231;56.32;-2.61%
45179;258402;259011;259951;256267;23.60;-0.24%
45178;259011;259095;259385;258143;13.48;-0.03%
45177;259095;262485;264154;257016;41.01;-1.30%
45176;262498;257580;264177;256265;39.77;1.91%
45175;257580;257901;260184;254117;37.78;-0.13%
45174;257902;258244;258640;255963;28.40;-0.13%
45173;258233;259710;260942;256609;27.13;-0.57%
45172;259710;258697;260904;258166;21.36;0.39%
45171;258697;258035;259774;257527;21.24;0.26%
45170;258032;259383;261449;253619;58.08;-0.52%
45169;259373;273006;274645;257310;69.11;-4.99%
45168;272988;277239;277573;270432;46.54;-1.53%
45167;277239;261181;280460;259198;98.32;6.14%
45166;261189;261006;262157;258910;28.84;0.07%
45165;261006;260171;261768;259687;14.29;0.32%
45164;260171;260572;261141;259935;12.09;-0.15%
45163;260572;261761;262657;258116;39.96;-0.46%
45162;261770;264362;265605;259436;41.04;-0.98%
45161;264362;260420;268077;258126;60.96;1.52%
45160;260399;261268;261388;254819;47.72;-0.33%
45159;261260;261908;262209;258508;41.10;-0.25%
45158;261908;260995;262691;259985;24.00;0.35%
45157;260994;260533;262622;257995;33.04;0.18%
45156;260532;266357;268019;256910;93.05;-2.19%
45155;266357;287261;287718;254894;132.92;-7.28%
45154;287263;291953;292511;287176;43.71;-1.61%
45153;291953;294267;294720;291186;33.81;-0.79%
45152;294267;293001;296890;291160;39.30;0.43%
45151;293001;294282;294685;292723;13.49;-0.44%
45150;294282;294208;294808;293754;11.07;0.02%
45149;294208;294489;295449;292712;27.71;-0.10%
45148;294490;295780;297194;293775;32.00;-0.44%
45147;295780;297713;301040;293842;49.67;-0.67%
45146;297774;292042;301686;291377;62.57;1.96%
45145;292042;290813;292702;287210;41.19;0.42%
45144;290813;290679;291989;289874;16.03;0.05%
45143;290681;291056;291393;289830;14.55;-0.13%
45142;291055;291891;293191;288758;31.43;-0.29%
45141;291893;291809;294098;289810;36.08;0.05%
45140;291737;297118;300259;289616;67.41;-1.81%
45139;297122;292323;297122;286110;64.01;1.64%
45138;292324;292820;295023;291283;31.84;-0.17%
45137;292817;293542;294466;290545;20.58;-0.24%
45136;293535;293150;294001;292569;13.90;0.13%
45135;293150;292227;295330;291251;31.42;0.32%
45134;292227;293529;295688;290940;30.42;-0.44%
45133;293522;292288;296818;291097;44.33;0.42%
45132;292286;291783;293654;290587;29.05;0.17%
45131;291781;300859;300982;288907;55.73;-3.02%
45130;300859;297889;303370;297357;23.32;1.00%
45129;297889;299045;299880;296573;18.47;-0.38%
45128;299031;298010;300589;297399;32.59;0.34%
45127;298010;299097;304080;296214;50.33;-0.36%
45126;299097;298667;301855;297893;34.96;0.14%
45125;298668;301397;302424;296246;42.40;-0.91%
45124;301397;302355;303359;296933;42.84;-0.32%
45123;302355;302918;304350;300754;20.31;-0.18%
45122;302914;303168;303954;302469;17.06;-0.09%
45121;303174;314654;316026;299443;82.42;-3.65%
45120;314661;303873;317645;302600;99.81;3.55%
45119;303873;306233;309513;302317;54.06;-0.77%
45118;306233;304142;307822;303338;39.84;0.68%
45117;304153;301669;310196;299691;55.24;0.82%
45116;301669;302888;304255;300719;20.05;-0.40%
45115;302888;303468;303799;300559;17.41;-0.19%
45114;303464;299127;304420;297574;46.42;1.45%
45113;299131;305128;314636;298690;90.81;-1.97%
45112;305128;307686;308756;302333;43.23;-0.83%
45111;307684;311520;313265;306578;42.12;-1.23%
45110;311513;306175;313770;305815;56.49;1.74%
45109;306177;305871;307690;302279;28.82;0.10%
45108;305868;304729;306499;303290;22.46;0.37%
45107;304729;304457;312755;297145;118.65;0.09%
45106;304457;300773;308231;300513;49.57;1.22%
45105;300786;306919;307034;299195;51.06;-1.99%
45104;306891;302670;309937;302313;55.82;1.39%
45103;302670;304663;306459;299863;58.71;-0.65%
45102;304653;305336;310402;303158;37.12;-0.22%
45101;305336;306807;307953;302694;38.15;-0.48%
45100;306794;298902;313954;298226;98.85;2.64%
45099;298905;299928;304978;295904;79.22;-0.35%
45098;299969;283077;307695;282705;143.49;5.97%
45097;283077;268459;283930;266655;100.55;5.44%
45096;268459;263397;270297;262951;46.45;1.92%
45095;263397;265150;266793;262906;27.31;-0.66%
45094;265150;263413;267673;261835;35.86;0.66%
45093;263413;255919;264728;252760;69.24;2.93%
45092;255913;251295;257328;248380;68.38;1.84%
45091;251295;259290;260517;248474;60.82;-3.08%
45090;259294;259069;264289;257264;56.24;0.09%
45089;259068;259279;260807;256350;40.75;-0.08%
45088;259284;258433;261901;256608;39.20;0.33%
45087;258440;264793;265251;254683;83.57;-2.40%
45086;264793;265011;267739;263267;38.96;-0.08%
45085;265011;263418;267844;262313;39.95;0.60%
45084;263425;272302;273420;261410;77.48;-3.26%
45083;272302;257456;273252;254256;88.61;5.76%
45082;257474;271223;271255;254375;85.42;-5.07%
45081;271223;270709;274102;269561;23.81;0.19%
45080;270720;272460;273175;269314;20.62;-0.63%
45079;272447;268190;272994;265413;49.37;1.59%
45078;268190;272164;273409;266623;51.98;-1.46%
45077;272161;276969;278250;268651;63.08;-1.74%
45076;276982;277389;280336;275838;45.19;-0.15%
45075;277394;280684;284312;275488;54.56;-1.18%
45074;280712;268553;281819;267885;55.23;4.52%
45073;268575;267112;268829;265912;18.68;0.55%
45072;267115;264755;269116;263300;45.88;0.89%
45071;264758;263271;265892;258925;50.17;0.56%
45070;263284;272207;272207;260887;72.65;-3.28%
45069;272207;268516;274481;268041;50.89;1.39%
45068;268473;267499;270489;265461;35.56;0.36%
45067;267499;271162;272571;266776;27.42;-1.35%
45066;271162;268830;271472;268313;17.72;0.87%
45065;268829;268282;271547;267113;36.67;0.20%
45064;268280;274038;274670;264498;63.39;-2.10%
45063;274031;270355;274653;265977;58.14;1.36%
45062;270353;271839;272953;268819;45.29;-0.55%
45061;271839;269204;276517;267521;53.27;0.98%
45060;269200;267774;271761;266099;26.35;0.53%
45059;267775;267987;270119;266956;27.95;-0.08%
45058;267992;269831;270440;258531;87.49;-0.68%
45057;269835;276043;276074;267662;62.85;-2.25%
45056;276033;276343;283117;268857;91.45;-0.11%
45055;276349;276705;278160;273663;49.75;-0.13%
45054;276705;284248;286278;272803;85.72;-2.65%
45053;284248;288571;291220;284196;36.50;-1.50%
45052;288571;295128;298164;284149;58.94;-2.22%
45051;295132;288422;296539;288253;74.52;2.33%
45050;288421;290236;293527;286874;53.80;-0.63%
45049;290236;286691;292447;281644;81.22;1.24%
45048;286691;280790;288774;279132;65.33;2.11%
45047;280776;292521;293296;276859;84.36;-4.02%
45046;292521;292351;299413;290950;47.62;0.06%
45045;292341;293184;294255;290585;25.72;-0.30%
45044;293218;294759;295872;289278;69.88;-0.52%
45043;294759;284245;298598;283924;121.63;3.70%
45042;284246;282988;299957;273078;164.31;0.44%
45041;282988;275101;283756;272011;65.31;2.87%
45040;275093;275914;279788;270543;66.74;-0.30%
45039;275914;278138;278150;273885;41.77;-0.80%
45038;278139;272648;278720;271657;44.30;2.01%
45037;272648;282405;283534;271711;98.72;-3.46%
45036;282405;288137;290821;280324;95.45;-1.99%
45035;288137;303822;304084;286411;111.27;-5.16%
45034;303822;294341;304701;291492;76.58;3.22%
45033;294349;303108;303122;292740;71.90;-2.89%
45032;303103;302992;305453;301346;34.48;0.04%
45031;302996;304726;305865;302088;31.71;-0.57%
45030;304725;303874;309649;300260;98.38;0.28%
45029;303874;298924;305241;298645;65.87;1.68%
45028;298864;302098;304730;296795;78.69;-1.07%
45027;302096;296410;304846;295978;89.38;1.92%
45026;296410;283265;297554;281829;85.73;4.64%
45025;283266;279412;285227;278092;39.35;1.38%
45024;279412;279104;281531;278638;23.73;0.11%
45023;279104;280376;281025;277794;30.94;-0.45%
45022;280367;281735;281735;277345;51.29;-0.49%
45021;281735;281644;287444;278235;77.32;0.03%
45020;281644;278022;284291;276689;64.06;1.30%
45019;278021;281947;284584;272569;98.00;-1.41%
45018;281983;284561;285228;278717;45.04;-0.91%
45017;284561;284737;287951;282856;38.09;-0.06%
45016;284737;280293;286463;275875;98.44;1.58%
45015;280295;283503;291604;277167;122.51;-1.13%
45014;283504;272629;286274;272498;109.32;3.99%
45013;272622;271278;274650;266656;94.16;0.49%
45012;271298;279748;280233;266115;107.24;-3.02%
45011;279735;274749;281537;274291;60.64;1.81%
45010;274756;274622;277619;271767;61.36;0.05%
45009;274622;283069;283745;270265;110.36;-3.00%
45008;283107;272628;287341;271446;158.46;3.85%
45007;272617;281142;287603;266687;262.03;-3.03%
45006;281140;277198;284378;273506;438.78;1.42%
45005;277205;279589;284578;271570;503.90;-0.85%
45004;279587;269145;283473;268446;393.27;3.88%
45003;269145;273919;276591;266887;392.47;-1.74%
45002;273918;250044;277422;249001;674.96;9.55%
45001;250041;242832;251390;241479;462.58;2.97%
45000;242827;246996;251089;239324;614.31;-1.69%
44999;246997;241215;263659;239946;753.06;2.43%
44998;241144;219948;244062;218596;733.63;9.64%
44997;219948;204650;220286;202942;455.69;7.46%
44996;204675;201565;206695;197967;453.46;1.54%
44995;201567;203620;203626;195918;655.27;-1.01%
44994;203618;217108;218265;200796;468.76;-6.21%
44993;217108;221978;222743;216613;316.51;-2.19%
44992;221978;224101;225351;219686;304.75;-0.95%
44991;224100;224282;225954;223201;215.31;-0.08%
44990;224283;223471;226367;222135;160.57;0.36%
44989;223471;223547;224037;221674;123.93;-0.03%
44988;223544;234656;234734;220519;344.63;-4.73%
44987;234654;236422;237805;232087;249.26;-0.75%
44986;236422;231306;239141;230253;328.77;2.21%
44985;231305;234940;235950;230338;275.10;-1.55%
44984;234941;235587;238762;231668;297.65;-0.27%
44983;235587;231661;236718;230660;209.12;1.69%
44982;231661;231913;232153;227774;198.35;-0.11%
44981;231915;239364;241234;229703;367.99;-3.11%
44980;239363;241866;245904;236379;417.46;-1.03%
44979;241866;244507;244743;235934;400.24;-1.08%
44978;244507;248395;252368;241608;395.97;-1.57%
44977;248395;243028;250854;238686;363.02;2.21%
44976;243029;246313;251752;242737;312.64;-1.33%
44975;246314;245735;248389;244570;223.77;0.24%
44974;245735;235382;249847;233730;523.85;4.39%
44973;235396;243281;252338;235259;484.50;-3.24%
44972;243279;221985;243309;220508;401.53;9.59%
44971;221985;217769;223086;215562;378.39;1.96%
44970;217726;217827;218875;214187;312.04;-0.07%
44969;217868;218599;220807;216531;211.65;-0.33%
44968;218598;216274;219029;216053;182.07;1.04%
44967;216350;217925;219336;214917;352.79;-0.72%
44966;217925;229646;230036;217446;425.44;-5.10%
44965;229646;232517;234251;226917;289.12;-1.23%
44964;232517;227618;233388;227482;318.98;2.15%
44963;227618;229360;231306;226337;278.58;-0.76%
44962;229360;233269;234234;227665;217.26;-1.66%
44961;233238;234312;235718;232698;170.27;-0.46%
44960;234312;234291;236941;232338;349.36;0.02%
44959;234276;237262;242072;233981;382.86;-1.26%
44958;237256;231247;237845;228096;333.18;2.60%
44957;231251;228322;232629;227249;289.38;1.28%
44956;228322;237460;237940;225600;339.62;-3.88%
44955;237531;230235;239529;229733;320.86;3.15%
44954;230279;230746;231823;228898;156.96;-0.20%
44953;230746;230160;234803;226029;310.36;0.25%
44952;230160;230552;232595;228690;320.97;-0.17%
44951;230551;226325;237790;223663;388.18;1.87%
44950;226325;229163;231561;225171;334.17;-1.23%
44949;229155;227090;231618;225279;327.85;0.91%
44948;227078;227757;230687;223230;280.64;-0.30%
44947;227757;226775;233045;224611;382.69;0.43%
44946;226772;210749;227185;208793;373.74;7.57%
44945;210812;206706;211694;206697;275.76;1.99%
44944;206706;211371;215841;204483;388.67;-2.21%
44943;211371;211844;215064;209262;310.04;-0.22%
44942;211842;208801;214168;206989;337.46;1.46%
44941;208798;209560;210322;205857;205.80;-0.37%
44940;209582;199269;211856;198986;458.21;5.17%
44939;199270;188508;199816;187238;426.67;5.71%
44938;188513;179410;190553;179155;522.01;5.07%
44937;179423;174405;179898;173239;291.53;2.89%
44936;174391;171801;174910;171517;247.14;1.51%
44935;171801;171190;173908;171071;301.24;0.36%
44934;171190;169436;171190;169138;144.84;1.04%
44933;169436;169509;169796;169097;110.48;-0.04%
44932;169509;168298;170123;167076;233.47;0.72%
44931;168298;168522;168779;167723;178.96;-0.13%
44930;168521;166742;169765;166565;247.39;1.07%
44929;166742;166731;167732;166072;178.73;0.00%
44928;166743;166184;167669;165510;136.03;0.34%
44927;166184;165375;166219;164997;107.84;0.49%
44926;165374;166072;166359;164873;130.44;-0.42%
44925;166072;166364;166444;163600;192.76;-0.18%
44924;166364;165462;166591;164966;181.47;0.55%
44923;165462;167059;167811;164742;217.96;-0.96%
44922;167061;169182;169640;166101;192.18;-1.25%
44921;169181;168318;169361;167994;133.36;0.51%
44920;168318;168357;168529;167330;132.89;-0.03%
44919;168372;167786;168558;167778;110.12;0.35%
44918;167791;168205;169107;167680;184.12;-0.25%
44917;168206;168318;168622;165661;198.28;-0.07%
44916;168318;169027;169194;167350;174.34;-0.42%
44915;169028;164413;170313;164007;284.57;2.81%
44914;164413;167411;168095;163312;207.93;-1.79%
44913;167411;167770;168257;166665;124.29;-0.21%
44912;167771;166290;167944;165870;164.49;0.89%
44911;166296;173567;175185;165424;303.56;-4.19%
44910;173561;177964;178461;172982;263.44;-2.47%
44909;177964;177786;183518;176821;318.98;0.10%
44908;177786;172109;179516;170945;328.71;3.30%
44907;172104;170932;172325;168785;249.39;0.68%
44906;170933;171270;172629;170806;167.20;-0.20%
44905;171272;171257;172205;171057;148.81;0.01%
44904;171257;172256;172886;170821;260.84;-0.58%
44903;172257;168352;172942;167658;261.64;2.32%
44902;168352;170894;171267;167153;244.36;-1.49%
44901;170893;169663;171011;169149;246.19;0.72%
44900;169665;171069;173952;168869;268.72;-0.85%
44899;171126;168848;171981;168816;197.12;1.35%
44898;168845;170934;171326;168621;169.29;-1.22%
44897;170936;169722;170962;167999;227.01;0.72%
44896;169720;171634;172447;168689;266.14;-1.12%
44895;171639;164408;172155;164332;348.22;4.40%
44894;164404;162119;165314;161001;271.58;1.41%
44893;162117;164261;164814;160135;284.84;-1.30%
44892;164256;164564;165954;164146;173.25;-0.19%
44891;164565;165123;166863;163879;194.94;-0.34%
44890;165123;166006;166118;163609;204.07;-0.54%
44889;166012;166049;167856;164720;229.59;-0.14%
44888;166239;162169;166776;161623;305.08;2.53%
44887;162129;157766;162746;156204;287.21;2.77%
44886;157762;162786;162879;155042;372.15;-3.13%
44885;162867;166993;167493;162092;172.83;-2.47%
44884;166992;166522;168149;166089;114.89;0.37%
44883;166383;167154;168463;165530;241.96;-0.32%
44882;166912;165405;167397;164258;257.00;0.91%
44881;165405;168954;169934;164082;295.73;-2.10%
44880;168951;166150;171120;165439;337.15;1.69%
44879;166137;163250;171584;158340;442.46;1.77%
44878;163245;168039;169465;162749;210.80;-2.80%
44877;167952;170499;171008;166339;192.91;-1.49%
44876;170499;175891;176794;164355;466.35;-3.07%
44875;175891;158870;181382;157993;720.74;10.71%
44874;158869;185389;185838;156033;869.57;-14.25%
44873;185274;205890;206675;172600;865.10;-10.01%
44872;205890;209163;210554;204105;414.24;-1.56%
44871;209163;212987;213604;209010;242.26;-1.81%
44870;213016;211457;214647;210841;261.23;0.74%
44869;211459;202064;212819;201846;499.50;4.65%
44868;202064;201540;203845;200666;347.23;0.26%
44867;201544;204829;207783;200658;420.23;-1.61%
44866;204835;204961;206766;203481;302.72;-0.06%
44865;204963;206260;208224;202600;327.47;-0.63%
44864;206263;208094;209223;205225;207.63;-0.88%
44863;208098;205942;210381;205619;276.54;1.05%
44862;205944;202930;207440;200582;318.90;1.49%
44861;202929;207695;208679;202316;365.49;-2.29%
44860;207695;200868;209815;200629;427.99;3.42%
44859;200827;193318;204069;192490;371.54;3.89%
44858;193315;195712;195886;191772;286.94;-1.22%
44857;195712;192048;196809;190925;180.63;1.91%
44856;192048;191626;192499;191161;118.24;0.22%
44855;191626;190429;192455;187033;294.66;0.63%
44854;190429;191251;193345;189356;253.20;-0.42%
44853;191239;193282;193586;191012;209.28;-1.06%
44852;193282;195484;196929;191028;290.07;-1.13%
44851;195482;192622;196635;191636;248.40;1.49%
44850;192619;190688;194119;190660;140.95;1.01%
44849;190687;191817;192187;190008;123.66;-0.59%
44848;191818;193798;199339;190986;400.45;-1.02%
44847;193798;191546;194944;182079;455.13;1.17%
44846;191548;190585;192126;190106;242.18;0.50%
44845;190591;191343;192613;188687;288.57;-0.39%
44844;191346;194417;195207;190570;243.77;-1.58%
44843;194410;194163;195521;193296;127.53;0.13%
44842;194150;195302;196122;192747;113.50;-0.60%
44841;195313;199624;200514;193521;263.50;-2.13%
44840;199567;201575;204367;198737;370.60;-1.00%
44839;201575;203405;203538;197617;352.76;-0.90%
44838;203402;196297;204361;195064;368.17;3.63%
44837;196283;190576;196760;190013;333.03;3.02%
44836;190522;193119;193899;189373;222.82;-1.34%
44835;193119;194229;194803;191726;173.91;-0.57%
44834;194230;195934;201749;192089;490.29;-0.87%
44833;195930;194202;196315;188779;449.57;0.94%
44832;194110;190834;197578;185053;581.19;1.73%
44831;190810;192288;203612;188504;660.12;-0.75%
44830;192257;188031;193048;186952;516.03;2.25%
44829;188032;189251;191251;186596;209.71;-0.64%
44828;189252;192884;193106;188120;258.50;-1.91%
44827;192935;194041;194773;185548;431.15;-0.57%
44826;194040;184881;194909;183710;448.63;4.95%
44825;184890;188751;197584;181918;446.85;-2.03%
44824;188724;195389;196263;187426;361.18;-3.41%
44823;195389;194174;196666;182778;423.43;0.62%
44822;194188;201139;201139;193477;273.11;-3.45%
44821;201135;198028;201786;197610;204.58;1.57%
44820;198024;197019;198830;193529;315.59;0.51%
44819;197017;202223;203214;195323;358.42;-2.58%
44818;202225;201755;205037;196542;374.22;0.23%
44817;201755;223953;227025;199096;485.32;-9.91%
44816;223953;218366;224654;215816;431.98;2.57%
44815;218349;216504;218364;213630;297.12;0.85%
44814;216504;213638;217906;211399;331.12;1.33%
44813;213652;193188;215457;192941;480.37;10.60%
44812;193174;192815;194447;190345;291.43;0.19%
44811;192815;187863;194459;185484;319.10;2.64%
44810;187864;197934;201693;187233;402.43;-5.09%
44809;197931;199999;200429;196507;238.71;-1.03%
44808;199999;198322;200178;195947;158.27;0.85%
44807;198314;199528;200438;196607;157.85;-0.61%
44806;199527;201316;204282;197647;272.22;-0.86%
44805;201261;200499;202027;195844;275.08;0.41%
44804;200439;197934;204691;197934;318.17;1.27%
44803;197926;202956;205582;195597;308.41;-2.48%
44802;202958;195513;203945;195512;248.04;3.81%
44801;195502;200342;201508;195429;159.60;-2.41%
44800;200339;202499;203436;198498;187.34;-1.07%
44799;202499;215642;218153;201224;322.16;-6.10%
44798;215654;213654;218012;213248;190.15;0.94%
44797;213652;215162;218323;211711;202.40;-0.71%
44796;215172;214165;216610;209196;228.65;0.47%
44795;214163;215168;215174;209121;251.83;-0.47%
44794;215172;211389;216924;210774;177.52;1.79%
44793;211389;208307;213574;207848;206.94;1.48%
44792;208313;232016;232023;208078;339.47;-10.22%
44791;232036;233377;235780;231313;160.97;-0.58%
44790;233380;238558;244235;231916;239.53;-2.17%
44789;238568;241026;242408;236938;201.70;-1.02%
44788;241017;243033;252057;237845;279.28;-0.83%
44787;243028;244421;249973;241722;177.25;-0.57%
44786;244425;243989;248829;243187;170.59;0.18%
44785;243987;239353;244408;236164;194.96;1.94%
44784;239353;239633;248735;238640;285.36;-0.12%
44783;239629;231503;242099;227147;243.61;3.53%
44782;231467;238181;239120;228865;169.62;-2.81%
44781;238163;231753;242341;231606;197.94;2.77%
44780;231753;229442;233877;228523;99.36;1.01%
44779;229442;233082;233444;229236;94.44;-1.56%
44778;233082;226133;234476;225935;208.90;3.08%
44777;226121;228222;232145;224387;181.19;-0.91%
44776;228208;229887;236237;226986;174.66;-0.73%
44775;229886;232711;234233;226708;177.30;-1.21%
44774;232712;233034;234844;228638;162.33;-0.14%
44773;233034;236342;241793;232362;138.84;-1.40%
44772;236342;237742;246053;235218;168.72;-0.59%
44771;237743;238502;243400;234514;221.66;-0.32%
44770;238500;229577;241905;226116;268.32;3.88%
44769;229583;212480;230278;210475;242.66;8.05%
44768;212487;213016;213223;207373;201.57;-0.25%
44767;213019;225823;226533;212754;206.93;-5.67%
44766;225821;224498;229879;222813;126.66;0.54%
44765;224604;226836;229910;219717;137.42;-0.95%
44764;226752;231500;237414;225242;197.54;-2.06%
44763;231530;232199;234038;223602;217.08;-0.27%
44762;232152;234120;242580;229444;281.31;-0.83%
44761;234102;225293;237573;215818;308.91;3.93%
44760;225258;207856;227149;207706;279.72;8.37%
44759;207856;212098;216544;207552;132.81;-2.00%
44758;212099;208252;215613;204844;136.89;1.85%
44757;208251;205861;211781;203934;164.67;1.16%
44756;205860;202500;208622;196649;205.28;1.66%
44755;202500;193316;202508;189422;249.38;4.75%
44754;193309;199632;200517;192796;167.91;-3.17%
44753;199632;208472;208550;198970;160.20;-4.24%
44752;208474;215874;215992;206897;204.68;-3.43%
44751;215875;216104;219441;213384;190.11;-0.11%
44750;216112;216371;224821;212070;439.90;-0.12%
44749;216378;205579;218178;202827;115.81;5.24%
44748;205611;201804;206549;197853;105.24;1.78%
44747;202006;202158;207069;193154;122.43;-0.08%
44746;202158;193106;203038;190525;92.79;4.69%
44745;193099;192434;196264;187944;65.27;0.35%
44744;192432;192754;194254;190064;58.57;-0.10%
44743;192629;199266;207856;189801;150.18;-3.33%
44742;199266;201113;201551;186827;127.73;-0.92%
44741;201113;202780;204158;198807;98.97;-0.82%
44740;202780;207279;212002;202105;83.83;-2.18%
44739;207302;210377;214975;205680;84.69;-1.49%
44738;210435;214899;218374;209897;67.21;-2.08%
44737;214899;212269;215534;209175;66.63;1.24%
44736;212269;211009;214887;207439;104.56;0.60%
44735;211007;199673;211898;199075;110.70;5.68%
44734;199658;207202;208643;197802;125.94;-3.64%
44733;207204;205716;216893;203717;136.32;0.72%
44732;205723;205769;209968;196588;140.60;-0.02%
44731;205772;189834;207635;179837;169.39;8.38%
44730;189865;204464;207447;176305;267.25;-7.13%
44729;204446;203913;213154;202441;136.27;0.28%
44728;203866;225779;229421;202311;144.00;-9.71%
44727;225779;221375;227544;201258;280.41;1.90%
44726;221573;224491;232003;208609;251.01;-1.29%
44725;224480;266063;268576;220063;379.26;-15.63%
44724;266063;284040;285348;266063;120.02;-6.33%
44723;284034;290833;294266;281618;82.92;-2.34%
44722;290833;300974;303256;288849;104.26;-3.37%
44721;300978;302021;306914;299538;61.72;-0.34%
44720;302016;311272;313121;298748;87.96;-2.98%
44719;311288;313703;315566;292350;140.32;-0.76%
44718;313676;299112;317534;298886;94.01;4.86%
44717;299130;298651;301669;295390;30.33;0.16%
44716;298643;297009;299638;294895;33.51;0.55%
44715;297009;304557;306748;293308;72.13;-2.48%
44714;304555;297986;306385;296044;81.40;2.20%
44713;297985;317931;319699;293966;135.09;-6.27%
44712;317934;317302;323775;312212;86.60;0.22%
44711;317233;294652;321856;293072;129.56;7.66%
44710;294652;290271;295565;288387;36.87;1.51%
44709;290271;286201;291944;285372;43.87;1.49%
44708;286012;291940;293771;282822;116.41;-2.06%
44707;292035;295379;298689;280779;126.71;-1.14%
44706;295406;296487;302023;293535;78.85;-0.36%
44705;296487;290916;298108;287061;79.42;1.91%
44704;290933;302873;306448;289136;92.10;-3.94%
44703;302866;294330;304620;292601;50.60;2.89%
44702;294346;291887;296232;289539;32.27;0.88%
44701;291786;303059;307351;287385;98.78;-3.72%
44700;303059;287004;305251;286821;101.38;5.66%
44699;286837;304375;306879;286481;92.03;-5.76%
44698;304375;298567;307201;294845;79.63;1.97%
44697;298490;313083;313124;291358;100.25;-4.66%
44696;313087;300786;313838;294994;65.44;4.08%
44695;300804;292852;302774;286667;70.46;2.72%
44694;292844;289943;310027;287550;141.23;1.06%
44693;289760;290734;301367;265005;309.48;-0.32%
44692;290682;310080;321136;278355;296.90;-6.25%
44691;310075;300982;326212;298310;235.61;3.03%
44690;300950;340410;342270;300950;268.09;-11.64%
44689;340600;354680;354970;337270;671.05;-3.97%
44688;354680;360030;361190;347730;288.86;-1.50%
44687;360090;365400;366460;352670;752.84;-1.46%
44686;365440;396860;398330;361830;1.04;-7.92%
44685;396880;377170;400210;376600;691.49;5.22%
44684;377180;385150;386470;375130;367.21;-2.07%
44683;385140;384720;391340;380610;580.79;0.14%
44682;384610;376420;386760;373970;276.99;2.15%
44681;376500;385900;387760;375960;248.22;-2.41%
44680;385810;397480;399190;381750;382.90;-2.94%
44679;397480;392430;403820;388880;542.39;1.29%
44678;392430;381130;394470;378690;426.83;2.96%
44677;381130;404430;407700;377080;681.47;-5.72%
44676;404270;394640;405990;382330;654.60;2.44%
44675;394640;394340;399290;390330;283.63;0.12%
44674;394180;397090;399730;392910;190.60;-0.73%
44673;397090;404870;407920;392000;421.30;-1.91%
44672;404820;413700;429690;397930;493.05;-2.14%
44671;413680;414990;422030;409150;382.84;-0.33%
44670;415030;408090;417460;405850;268.28;1.72%
44669;408030;397000;410950;385770;484.26;2.77%
44668;397030;403820;405990;395610;210.01;-1.68%
44667;403820;405710;406910;400030;151.31;-0.44%
44666;405600;399360;408500;397810;233.09;1.56%
44665;399360;411330;414940;395850;294.29;-2.91%
44664;411330;400720;415150;395810;406.70;2.63%
44663;400780;395070;406780;392650;468.27;1.47%
44662;394970;421440;424180;392020;608.38;-6.27%
44661;421380;427600;434210;418840;255.83;-1.47%
44660;427670;422750;428090;421290;165.16;1.16%
44659;422750;434500;439790;421130;467.83;-2.70%
44658;434480;431660;438930;427470;390.85;0.64%
44657;431730;454940;455190;431220;649.52;-5.13%
44656;455060;466140;472010;453880;421.11;-2.41%
44655;466290;464070;468990;451520;446.12;0.48%
44654;464070;458130;474350;455540;398.86;1.30%
44653;458110;462990;472120;456410;345.93;-1.05%
44652;462970;455290;467280;442610;632.93;1.70%
44651;455250;470710;476240;452280;520.00;-3.29%
44650;470750;474490;477140;466010;467.76;-0.79%
44649;474490;471260;481270;470290;478.82;0.73%
44648;471050;468590;481990;466720;610.27;0.52%
44647;468590;445420;469470;444450;388.79;5.19%
44646;445480;443310;448180;440900;196.30;0.49%
44645;443310;440130;451120;436220;494.09;0.72%
44644;440130;429110;442510;426580;491.66;2.57%
44643;429120;423730;430270;417950;433.96;1.27%
44642;423730;410220;433279;408930;537.06;3.29%
44641;410220;412820;415320;405300;406.62;-0.62%
44640;412760;422410;423010;409220;308.45;-2.27%
44639;422330;417680;423860;415296;224.59;1.11%
44638;417678;409146;423084;402348;2.31;2.08%
44637;409148;411187;414060;405578;1.90;-0.50%
44636;411187;392825;417016;389532;4.47;4.67%
44635;392857;396730;398547;382209;2.25;-0.97%
44634;396711;377895;399143;376136;2.33;4.97%
44633;377924;388132;392723;376034;1.55;-2.63%
44632;388143;387302;393553;386665;1.11;0.22%
44631;387302;394225;401770;382364;2.79;-1.74%
44630;394163;419339;420291;386035;3.62;-5.99%
44629;419290;387315;425385;386633;3.60;8.22%
44628;387448;380206;393515;378866;2.67;1.89%
44627;380248;384206;395320;371821;3.02;-0.99%
44626;384031;393963;396681;381150;1.93;-2.52%
44625;393958;391428;396002;386261;1.50;0.65%
44624;391427;424630;428487;385949;3.21;-7.82%
44623;424630;439128;440772;418408;74.11;-3.30%
44622;439128;444203;452942;433613;80.82;-1.14%
44621;444203;431872;449005;428766;90.67;2.85%
44620;431882;377072;439778;374589;108.07;14.59%
44619;376891;391166;398385;370623;66.14;-3.65%
44618;391155;392216;400945;386391;41.55;-0.24%
44617;392096;383392;396837;380426;83.78;2.27%
44616;383392;372502;393516;343574;180.47;2.99%
44615;372246;382482;391945;370995;64.84;-2.68%
44614;382482;370183;384149;363996;82.75;3.32%
44613;370177;383550;394441;368689;91.82;-3.49%
44612;383550;400896;401203;380422;47.92;-4.33%
44611;400903;400001;404343;396666;25.78;0.23%
44610;400001;405325;409355;395050;64.96;-1.36%
44609;405528;438855;441671;401038;72.63;-7.59%
44608;438836;445409;445529;433776;41.40;-1.48%
44607;445444;425503;447226;424601;56.34;4.69%
44606;425503;420611;427997;415913;53.60;1.16%
44605;420611;422055;427251;418801;25.88;-0.34%
44604;422052;423884;430064;417768;37.88;-0.43%
44603;423884;435193;439151;420234;69.95;-2.60%
44602;435210;443889;457552;432425;89.69;-1.96%
44601;443889;440382;448004;431630;50.92;0.80%
44600;440382;438339;453998;427050;92.88;0.47%
44599;438339;423852;444683;416954;76.60;3.40%
44598;423922;414119;426148;411763;31.20;2.37%
44597;414121;415665;418998;409633;46.32;-0.37%
44596;415676;372878;416890;370411;95.49;11.48%
44595;372878;368902;373043;362973;50.35;1.08%
44594;368902;387112;388538;366823;53.74;-4.70%
44593;387097;384756;392300;380379;55.20;0.55%
44592;384986;379238;387014;366728;61.27;1.53%
44591;379177;381675;383133;373906;34.10;-0.66%
44590;381708;377365;386637;373502;42.77;1.13%
44589;377451;371956;379959;361765;69.45;1.56%
44588;371643;368001;372154;355432;83.52;0.99%
44587;368004;369623;388626;362800;107.87;-0.41%
44586;369506;366913;375018;357293;79.68;0.72%
44585;366863;362686;374240;329856;153.77;1.15%
44584;362695;350729;365130;346552;70.43;3.40%
44583;350752;364677;367498;341160;138.09;-3.84%
44582;364755;406981;411046;355039;155.80;-10.41%
44581;407159;416836;434871;405683;65.28;-2.31%
44580;416778;423653;425580;411609;53.77;-1.62%
44579;423646;422099;426742;413007;47.32;0.37%
44578;422093;430805;431796;415594;41.44;-2.02%
44577;430791;430792;434620;426433;28.66;-0.04%
44576;430970;430736;437779;425861;31.44;0.06%
44575;430733;425622;434351;418487;50.50;1.21%
44574;425600;439000;444047;423375;53.42;-3.05%
44573;439010;427350;442436;424767;53.95;2.73%
44572;427332;418291;430902;412876;61.78;2.15%
44571;418322;418489;422438;396970;85.50;-0.04%
44570;418483;416812;427644;412609;37.51;0.42%
44569;416720;415513;423044;405743;52.54;0.30%
44568;415467;430979;431277;408100;88.36;-3.60%
44567;430975;434316;437723;424811;63.08;-0.76%
44566;434259;458331;470194;425351;83.74;-5.26%
44565;458373;464357;475054;456021;55.59;-1.28%
44564;464302;472939;475560;457040;41.06;-1.86%
44563;473118;477387;479449;467182;27.02;-0.89%
44562;477380;462175;479176;462175;31.24;3.29%
44561;462195;471233;485539;456936;58.18;-1.92%
44560;471233;464707;479014;460030;60.96;1.42%
44559;464617;475484;481217;461278;63.92;-2.28%
44558;475452;507034;507038;473457;74.39;-6.18%
44557;506782;507836;520163;504590;43.90;-0.20%
44556;507799;504040;512470;495270;32.34;0.74%
44555;504064;507896;511402;501968;26.67;-0.75%
44554;507861;508074;517953;504284;45.97;-0.03%
44553;508010;485996;513556;480534;56.24;4.53%
44552;485997;488987;495403;484497;40.89;-0.62%
44551;489020;469001;493061;466540;57.88;4.28%
44550;468952;467034;474889;455773;57.53;0.41%
44549;467045;468557;482702;464384;44.05;-0.32%
44548;468562;461718;473302;455134;36.93;1.48%
44547;461722;476304;479972;455238;67.50;-3.06%
44546;476282;488766;493878;475439;48.20;-2.54%
44545;488715;483662;494779;465726;80.28;1.04%
44544;483665;467098;486350;463383;62.54;3.56%
44543;467036;500759;501961;458482;80.37;-6.74%
44542;500810;493325;507792;486705;40.30;1.55%
44541;493145;471384;494870;468340;45.23;4.62%
44540;471372;475917;499748;470071;68.06;-0.97%
44539;475966;504776;507902;473419;58.69;-5.70%
44538;504739;505966;512047;487007;55.59;-0.24%
44537;505952;505474;519186;500709;56.29;0.07%
44536;505621;494121;509133;472379;89.68;2.34%
44535;494055;491964;496893;477978;72.03;0.43%
44534;491952;536207;538472;425878;168.00;-8.27%
44533;536315;564952;575436;520089;89.20;-5.07%
44532;564960;572078;573775;558079;54.94;-1.25%
44531;572103;568917;590643;564965;66.75;0.58%
44530;568829;577952;591744;559369;73.66;-1.58%
44529;577948;572881;588552;567267;58.65;0.88%
44528;572915;547580;573923;534483;49.28;4.61%
44527;547659;537472;552803;536543;40.71;1.93%
44526;537309;589373;591511;535335;104.03;-8.83%
44525;589351;571671;593873;570298;56.79;3.08%
44524;571717;575594;576974;559106;56.68;-0.70%
44523;575732;563048;578551;555425;72.48;2.25%
44522;563088;587197;592883;556568;76.45;-4.10%
44521;587143;597240;600026;585283;40.98;-1.68%
44520;597176;580808;598546;574353;44.53;2.81%
44519;580834;569083;583359;556263;74.44;1.98%
44518;569553;603682;609369;565244;100.37;-5.65%
44517;603678;600742;608145;585319;73.93;0.46%
44516;600891;636051;636056;586559;115.36;-5.52%
44515;635979;655149;663112;634395;53.53;-2.92%
44514;655082;643972;655082;636083;33.98;1.72%
44513;643986;641333;649060;633814;30.34;0.41%
44512;641345;647826;654497;623097;63.27;-1.04%
44511;648067;649228;655833;641219;50.37;-0.19%
44510;649326;669426;689906;629513;96.21;-2.95%
44509;669044;675287;684933;663349;66.13;-0.92%
44508;675279;632764;677633;632764;81.08;6.72%
44507;632732;614838;632732;613472;34.34;2.91%
44506;614839;609732;615432;600936;34.89;0.84%
44505;609743;614115;625603;607424;44.46;-0.71%
44504;614126;629154;630776;607429;49.91;-2.39%
44503;629185;632235;635086;608830;61.05;-0.48%
44502;632217;609122;642564;606515;65.26;3.79%
44501;609153;613101;624301;596127;61.21;-0.64%
44500;613096;618422;623937;600057;50.06;-0.86%
44499;618401;622450;623385;607860;40.51;-0.65%
44498;622428;605799;629522;603222;63.39;2.74%
44497;605825;584372;622513;581281;88.47;3.67%
44496;584381;603125;614529;581126;88.11;-3.11%
44495;603108;630675;632751;599073;57.13;-4.37%
44494;630670;608643;636948;606558;51.06;3.62%
44493;608665;613082;614699;595237;42.67;-0.73%
44492;613125;606932;617287;597383;37.05;1.03%
44491;606903;622008;636997;600557;75.69;-2.44%
44490;622102;660046;666169;620921;105.38;-5.71%
44489;659791;642769;669671;635437;79.87;2.65%
44488;642785;620302;644540;614510;80.16;3.58%
44487;620563;615258;626236;600269;80.15;0.86%
44486;615275;608655;616514;591434;53.39;1.09%
44485;608611;616692;623292;601619;49.93;-1.32%
44484;616725;573482;628928;568748;121.48;7.54%
44483;573458;573704;585065;568668;59.84;-0.06%
44482;573801;560145;576974;543144;73.62;2.44%
44481;560159;574806;576357;541554;74.85;-2.54%
44480;574773;546869;578141;544578;73.84;5.10%
44479;546877;549425;564322;541008;104.43;-0.46%
44478;549425;539241;554308;537117;64.65;1.91%
44477;539147;537855;559779;536593;64.05;0.24%
44476;537839;553252;553256;534764;75.68;-2.78%
44475;553232;514700;556761;504395;116.26;7.49%
44474;514693;492295;518724;490601;76.63;4.55%
44473;492273;482004;494817;469586;66.92;2.13%
44472;482001;476654;491652;471230;42.41;1.12%
44471;476669;481472;483069;474517;39.82;-1.00%
44470;481460;438244;484352;432929;94.66;9.86%
44469;438233;415345;441012;414167;64.32;5.50%
44468;415368;410231;425712;408150;48.21;1.25%
44467;410223;421699;427588;409064;60.01;-2.73%
44466;421726;432009;442932;421439;54.12;-2.39%
44465;432034;426858;439073;407866;69.91;1.21%
44464;426868;428187;429593;417145;46.35;-0.31%
44463;428199;448674;451120;409085;128.88;-4.57%
44462;448692;435507;449498;430901;74.54;3.03%
44461;435516;406608;439767;405857;93.98;7.13%
44460;406513;430123;436193;396468;142.55;-5.18%
44459;428706;472408;473239;425471;77.96;-9.25%
44458;472387;482999;483419;468666;41.98;-2.21%
44457;483067;472839;487610;470705;43.64;2.17%
44456;472828;477482;481559;467888;50.16;-0.97%
44455;477480;481323;484806;470403;60.91;-0.80%
44454;481306;470708;484365;467439;63.40;2.24%
44453;470775;449502;472476;447187;65.33;4.73%
44452;449495;460608;468077;434632;96.15;-2.42%
44451;460623;451626;463864;447552;44.52;1.99%
44450;451619;448449;459756;447666;41.58;0.71%
44449;448428;463859;470216;442836;75.62;-3.33%
44448;463856;460576;473057;456090;73.63;0.70%
44447;460614;467741;473169;444937;100.48;-1.54%
44446;467796;526742;528853;430724;187.56;-11.19%
44445;526721;517694;527262;510028;69.46;1.75%
44444;517686;499187;518782;494924;57.30;3.71%
44443;499184;499993;505346;494614;48.14;-0.16%
44442;499990;492695;510088;483773;88.08;1.47%
44441;492743;488178;503553;486129;80.21;0.93%
44440;488194;471292;491210;465331;74.38;3.58%
44439;471304;469891;482170;467093;71.48;0.29%
44438;469927;487771;488860;468769;61.68;-3.66%
44437;487774;488997;496217;478701;47.62;-0.24%
44436;488971;490628;492894;484285;36.73;-0.34%
44435;490643;468302;491420;463715;62.47;4.77%
44434;468316;489944;493478;463604;73.79;-4.41%
44433;489945;477074;492302;471633;63.54;2.68%
44432;477147;495325;498474;476236;74.26;-3.68%
44431;495397;492554;504988;490386;75.37;0.58%
44430;492545;488704;494803;481510;49.32;0.77%
44429;488758;493300;497191;482935;18.20;-0.91%
44428;493240;467567;493433;466468;83.19;5.49%
44427;467559;447259;470123;439867;77.92;4.54%
44426;447238;446911;460049;442300;22.36;0.07%
44425;446916;459075;471406;444413;84.14;-2.84%
44424;459963;469916;480024;456721;2.41;-2.12%
44423;469913;470826;473441;455641;58.11;-0.19%
44422;470815;478096;480909;461172;64.29;-1.52%
44421;478091;444040;478360;442424;75.27;7.67%
44420;444034;455623;462138;438147;81.07;-2.55%
44419;455643;455932;467365;453679;75.43;-0.06%
44418;455938;462818;466634;446812;80.55;-1.49%
44417;462843;437949;464607;428241;117.08;5.69%
44416;437928;445849;452841;433144;105.25;-1.84%
44415;446142;427847;446973;426110;112.84;4.25%
44414;427954;408684;432534;399054;111.93;4.72%
44413;408672;397344;413663;373654;130.60;2.84%
44412;397369;381884;399565;375560;79.22;4.21%
44411;381303;391674;397666;376882;0.26;-2.65%
44410;391684;398698;404490;386925;74.81;-1.78%
44409;398783;415100;425650;395565;80.33;-4.03%
44408;415537;422014;422853;410664;44.65;-1.54%
44407;422034;400011;422644;383584;98.45;5.50%
44406;400014;400090;406307;393408;75.30;0.00%
44405;400032;394504;408622;388838;148.92;1.40%
44404;394520;372943;394559;364274;100.24;5.84%
44403;372766;353923;405229;352367;177.63;5.33%
44402;353911;343925;353911;338813;65.10;4.63%
44401;338248;336005;339550;334129;67.14;0.66%
44400;336033;322979;336056;320411;66.15;4.04%
44399;322989;321317;325854;317294;64.87;0.52%
44398;321314;297947;327946;295193;118.34;7.85%
44397;297938;308354;310408;293102;97.46;-3.38%
44396;308372;317829;318870;304782;77.48;-2.98%
44395;317854;315179;324082;312206;57.01;0.85%
44394;315186;313844;319148;312078;58.06;0.40%
44393;313940;318423;322398;310622;70.48;-1.40%
44392;318405;328205;331570;311758;76.95;-2.99%
44391;328207;327278;330519;316112;69.56;0.28%
44390;327281;331061;333077;322595;60.04;-1.16%
44389;331130;342283;345980;326628;63.24;-3.26%
44388;342277;335108;345806;333198;35.72;2.14%
44387;335106;337977;342210;330568;50.94;-0.85%
44386;337974;328663;340792;323670;67.14;2.83%
44385;328663;338594;339232;321469;108.09;-2.96%
44384;338678;342287;350366;338013;72.03;-1.05%
44383;342256;336885;350620;335817;83.63;1.60%
44382;336878;352970;353005;331641;88.36;-4.56%
44381;352982;347428;359576;347401;56.13;1.60%
44380;347428;338142;349098;333633;55.69;2.75%
44379;338134;335422;339259;327346;78.93;0.80%
44378;335436;350307;350327;328392;27.41;-4.23%
44377;350269;358326;360895;341266;107.07;-2.25%
44376;358347;344773;365903;342476;97.27;3.94%
44375;344759;346822;352312;339449;112.00;-0.58%
44374;346785;322471;346855;320417;148.80;7.55%
44373;322434;315921;326430;302069;156.67;2.06%
44372;315940;346605;354909;313379;193.43;-8.86%
44371;346658;336781;352499;323567;119.25;2.94%
44370;336743;324983;347843;317365;173.34;3.62%
44369;324964;316827;332725;289018;309.65;2.54%
44368;316920;355979;357084;312841;256.87;-10.97%
44367;355958;355109;360979;333780;137.48;0.23%
44366;355134;357700;363573;348455;105.46;-0.66%
44365;357494;380455;381660;351985;102.84;-6.05%
44364;380520;383378;395299;374253;109.58;-0.74%
44363;383360;401481;404944;381564;123.52;-4.53%
44362;401561;405225;413180;395899;117.55;-0.92%
44361;405294;390241;409704;387699;157.35;3.86%
44360;390229;354675;393216;348270;123.32;10.02%
44359;354675;373344;374373;347033;87.73;-4.95%
44358;373146;366543;376411;360033;109.15;1.81%
44357;366494;373752;383408;358240;154.32;-1.83%
44356;373322;333855;375176;324286;209.82;11.83%
44355;333829;335746;340478;311581;193.54;-0.58%
44354;335780;358154;367546;334101;119.50;-6.25%
44353;358154;355187;364340;352653;62.20;0.83%
44352;355200;368412;378876;348320;101.48;-3.61%
44351;368513;391914;392554;356599;127.71;-5.96%
44350;391873;375557;394623;371936;106.44;4.34%
44349;375558;366877;381999;359811;96.89;2.37%
44348;366876;372943;378503;357427;113.48;-1.64%
44347;372986;356440;374807;342132;131.70;4.62%
44346;356528;345893;363886;334410;104.18;3.09%
44345;345846;356645;372271;336642;160.43;-3.02%
44344;356625;385432;388441;347724;199.58;-7.17%
44343;384173;392490;403222;371908;122.93;-2.12%
44342;392492;383757;407500;378470;153.80;2.27%
44341;383783;387536;397408;365407;163.01;-0.96%
44340;387506;347203;398517;344746;244.88;11.74%
44339;346797;374468;382487;311924;325.73;-7.39%
44338;374483;372910;387760;353149;185.83;0.40%
44337;372974;406112;421083;335923;315.50;-8.40%
44336;407172;367068;424259;350104;269.75;10.88%
44335;367205;428983;435166;302617;607.10;-14.40%
44334;428973;435385;457709;422939;154.96;-1.48%
44333;435413;464242;465454;422015;274.76;-6.21%
44332;464264;467293;497643;439208;180.07;-0.60%
44331;467088;498391;506409;466502;131.91;-6.28%
44330;498398;497049;514592;488740;118.84;0.27%
44329;497046;493982;513373;463311;236.71;0.65%
44328;493842;566945;579385;491870;160.74;-12.90%
44327;566957;558461;568711;545504;96.47;1.52%
44326;558489;582512;595239;536783;142.61;-4.10%
44325;582383;588406;592270;564144;103.59;-1.02%
44324;588401;573303;594711;569722;101.27;2.62%
44323;573372;564114;586393;553001;110.01;1.65%
44322;564054;574410;583649;552945;109.02;-1.80%
44321;574413;538725;579364;538725;119.82;6.88%
44320;537415;571706;572013;537415;132.33;-6.00%
44319;571698;566058;589251;565624;89.24;1.00%
44318;566038;578072;578684;561105;53.61;-2.08%
44317;578071;577191;584494;570295;63.41;0.15%
44316;577203;535623;579256;530887;103.74;7.77%
44315;535608;548386;551737;524000;83.90;-2.34%
44314;548414;550360;564199;538764;86.96;-0.35%
44313;550365;540111;554278;533450;84.08;1.88%
44312;540205;489635;543209;488159;129.76;10.33%
44311;489636;500882;505324;470985;59.20;-2.25%
44310;500889;511408;511830;487752;82.25;-2.06%
44309;511436;517071;520999;476594;214.46;-1.13%
44308;517295;538213;554084;505909;168.13;-3.88%
44307;538202;564795;567644;536576;100.26;-4.71%
44306;564832;556451;570549;534225;115.49;1.50%
44305;556461;562081;575170;542723;117.51;-1.00%
44304;562071;600432;603621;518176;216.81;-6.39%
44303;600419;613583;625091;596721;84.08;-2.18%
44302;613797;632116;635185;600273;136.85;-2.90%
44301;632160;629786;637291;620675;76.97;0.37%
44300;629804;635442;647780;613663;130.43;-0.88%
44299;635409;598636;636590;598394;126.56;6.14%
44298;598638;599821;612599;595692;81.88;-0.19%
44297;599787;597724;606671;592503;58.20;0.39%
44296;597484;581274;612290;579000;103.72;2.80%
44295;581187;580768;588909;576860;59.22;0.07%
44294;580774;559480;581367;557216;64.78;3.80%
44293;559487;579963;586277;554893;110.69;-3.53%
44292;579963;591690;594870;574033;77.15;-1.69%
44291;589934;582023;592051;568427;54.13;1.36%
44290;581999;570597;584648;564706;57.21;2.00%
44289;570599;589768;597705;569067;68.74;-3.25%
44288;589773;587182;601349;584665;72.37;0.44%
44287;587183;587632;594065;580407;69.04;-0.08%
44286;587637;587714;597956;569916;98.06;-0.01%
44285;587713;576146;593669;570771;86.21;2.00%
44284;576162;557647;583926;549511;107.91;3.32%
44283;557652;558569;565042;547113;58.71;-0.17%
44282;558629;550338;565311;540102;73.87;1.50%
44281;550361;513174;550741;513020;100.30;7.24%
44280;513223;523300;531754;504413;143.35;-1.92%
44279;523254;543091;571694;517254;137.91;-3.91%
44278;544525;541175;558138;529923;84.84;0.54%
44277;541583;573793;583799;537842;95.53;-5.62%
44276;573838;580974;585838;555833;77.47;-1.22%
44275;580934;580841;598821;578630;67.83;0.01%
44274;580880;576450;594483;563051;83.98;0.75%
44273;576560;589118;600880;570996;102.62;-2.13%
44272;589135;568929;589332;542532;118.26;3.56%
44271;568897;556195;568897;533426;128.51;1.97%
44270;557913;591174;605659;550888;117.71;-5.62%
44269;591137;611927;616737;591137;80.29;-3.40%
44268;611953;572674;617958;561188;134.64;6.86%
44267;572651;578062;580523;551345;116.96;-0.92%
44266;577995;558512;581350;543518;129.63;3.49%
44265;558519;548827;573287;530736;140.96;1.77%
44264;548790;523524;548806;519413;114.06;4.91%
44263;523110;509889;523849;493381;68.14;2.61%
44262;509823;488990;514341;488906;82.91;4.35%
44261;488556;487987;491918;471328;66.66;0.13%
44260;487925;483636;494294;463701;113.64;0.75%
44259;484280;503880;517577;475218;9.56;-3.90%
44258;503951;484222;525679;481592;44.93;4.07%
44257;484242;495956;501919;471006;102.10;-2.36%
44256;495955;451605;497740;450088;137.52;9.81%
44255;451640;461360;465820;431006;135.08;-2.11%
44254;461367;463331;483351;450594;98.75;-0.45%
44253;463456;469285;484139;442482;189.41;-1.24%
44252;469285;496959;520138;467737;83.22;-5.57%
44251;496975;489111;513118;470317;153.75;1.61%
44250;489112;541141;541150;450938;315.07;-9.61%
44249;541118;574376;574808;483538;244.95;-5.78%
44248;574338;559076;583351;555027;87.26;2.70%
44247;559237;559220;575238;541241;127.85;0.03%
44246;559066;515901;562385;508168;139.43;8.38%
44245;515822;520945;525240;509416;94.35;-0.95%
44244;520792;491613;525777;490181;140.03;5.92%
44243;491697;479342;505158;470444;141.37;2.57%
44242;479363;486111;489365;457861;123.18;-1.45%
44241;486434;471721;496951;470519;106.50;3.13%
44240;471687;473731;480973;462705;89.42;-0.43%
44239;473717;479950;489274;462186;133.73;-1.29%
44238;479907;448348;486221;440411;145.77;7.04%
44237;448360;465078;472953;438005;151.83;-3.60%
44236;465086;463964;481435;451047;193.87;0.24%
44235;463957;388536;465964;380570;248.47;19.41%
44234;388529;392289;396917;373816;125.37;-1.03%
44233;392566;383006;409397;382753;156.02;2.50%
44232;382976;369764;383036;366400;100.60;3.56%
44231;369821;376489;387079;363808;151.44;-1.77%
44230;376468;354869;376468;354015;131.03;6.09%
44229;354852;335140;359761;334624;120.85;5.88%
44228;335157;331068;346856;323249;126.32;1.23%
44227;331081;342816;343483;321899;101.92;-3.43%
44226;342831;343000;349209;329085;128.57;-0.05%
44225;343018;333817;385460;319533;297.73;2.78%
44224;333748;304089;337908;299119;167.39;9.77%
44223;304040;324996;325454;292904;194.35;-6.46%
44222;325021;322441;329177;308500;139.84;0.77%
44221;322523;322443;348543;319674;142.43;0.03%
44220;322413;320885;330348;309829;88.21;0.47%
44219;320889;329941;334414;314182;100.70;-2.76%
44218;330005;308387;338212;288712;243.09;7.00%
44217;308421;354723;355911;301018;253.27;-13.06%
44216;354763;358621;363844;334445;153.61;-1.46%
44215;360029;366306;378210;360014;79.11;-1.67%
44214;366132;358382;374368;348010;111.52;2.16%
44213;358396;360201;368013;338835;126.82;-0.50%
44212;360195;367518;379317;354084;137.02;-2.24%
44211;368458;391757;397150;344887;118.42;-5.95%
44210;391757;373834;400543;367721;172.40;4.80%
44209;373822;340612;377646;324519;209.93;9.70%
44208;340761;354260;365987;325727;241.93;-4.13%
44207;355443;381953;382172;304116;251.04;-6.93%
44206;381922;401497;413624;351416;215.78;-4.88%
44205;401519;406072;413635;387751;128.42;-1.10%
44204;405993;394664;419217;366134;251.29;2.89%
44203;394602;367985;403409;363612;249.60;7.25%
44202;367932;339993;369348;334083;227.56;8.24%
44201;339915;320154;344147;300105;202.13;6.15%
44200;320226;330166;335875;282045;255.27;-2.84%
44199;329589;321929;347559;320296;155.21;2.38%
44198;321933;293597;332335;290080;240.87;9.65%
44197;293599;289517;296271;287124;100.90;1.42%
44196;289494;288668;292988;280250;136.69;0.28%
44195;288687;273745;289793;273745;159.82;5.45%
44194;273760;270653;273907;259028;119.57;1.18%
44193;270578;262592;274449;261443;126.98;3.03%
44192;262613;264603;283603;258582;231.23;-0.73%
44191;264544;247147;268260;245151;155.77;7.15%
44190;246896;237287;247789;234453;2.40;4.02%
44189;237365;232532;237837;227373;104.59;2.06%
44188;232579;238208;240637;226947;178.47;-2.37%
44187;238232;227304;238254;223886;130.75;4.82%
44186;227285;234741;241019;220155;154.69;-3.18%
44185;234749;238436;242809;230989;114.09;-1.55%
44184;238440;231276;241071;227970;133.88;3.10%
44183;231279;228233;232728;223615;131.80;1.33%
44182;228254;213523;237380;212431;310.74;6.90%
44181;213522;194347;215253;192997;199.81;9.87%
44180;194349;192739;195563;190762;98.39;0.84%
44179;192738;191764;193465;190070;67.11;0.51%
44178;191768;188081;194036;187168;82.45;1.96%
44177;188089;180267;189362;180251;71.37;4.36%
44176;180236;182505;182883;176001;111.53;-1.23%
44175;182472;185461;185518;179268;85.31;-1.61%
44174;185460;183224;186379;176588;129.72;1.20%
44173;183266;191708;192886;182292;101.41;-4.40%
44172;191707;193684;194246;189088;61.98;-1.08%
44171;193799;191460;194171;188730;54.56;1.22%
44170;191465;186575;191727;185071;59.44;2.62%
44169;186581;194311;195295;186108;110.63;-3.99%
44168;194333;192198;195966;188837;99.97;1.12%
44167;192188;187679;193355;183467;91.92;2.39%
44166;187707;196978;198974;182570;208.72;-4.71%
44165;196981;181860;198312;181860;185.59;8.32%
44164;181855;177297;183363;175304;79.12;2.57%
44163;177307;171426;178744;168744;95.20;3.52%
44162;171271;171609;174503;164816;138.80;-0.20%
44161;171620;187219;188949;162352;312.07;-8.34%
44160;187230;191515;194867;185277;146.12;-2.24%
44159;191526;183946;194166;180748;180.79;4.21%
44158;183796;184281;187568;180160;127.35;-0.18%
44157;184129;186893;187515;176446;121.76;-1.47%
44156;186872;186738;189660;183975;108.91;0.06%
44155;186752;178055;188110;177584;134.42;4.90%
44154;178035;177751;181660;173801;135.94;0.16%
44153;177746;176623;184661;172589;233.43;0.64%
44152;176623;167158;178454;165620;175.87;5.66%
44151;167158;159541;168807;158707;118.09;4.78%
44150;159530;160747;161581;157823;58.43;-0.73%
44149;160710;163231;163282;157177;83.64;-1.55%
44148;163242;162930;164741;159734;113.75;0.18%
44147;162947;156958;163427;154835;165.54;3.82%
44146;156958;153031;159539;152810;119.07;2.56%
44145;153036;153280;154653;150965;93.36;-0.15%
44144;153272;154833;158196;148169;165.04;-1.01%
44143;154837;148266;156483;147207;94.99;4.42%
44142;148284;155782;157544;143851;160.73;-4.81%
44141;155779;155939;159552;152235;186.13;-0.06%
44140;155871;141456;157399;140997;227.49;10.19%
44139;141456;140230;142388;135444;140.80;0.90%
44138;140199;135605;140540;132946;108.17;3.38%
44137;135614;137597;138284;132142;97.76;-1.44%
44136;137594;137955;138895;136287;51.71;-0.27%
44135;137973;135602;140654;134417;102.75;1.75%
44134;135599;134570;136679;131345;108.77;0.76%
44133;134572;132783;136400;129829;111.23;1.34%
44132;132789;136583;138517;129076;144.18;-2.77%
44131;136578;130615;137823;130503;128.64;4.56%
44130;130616;130330;132297;127924;89.47;0.23%
44129;130322;131170;133453;129004;59.73;-0.65%
44128;131172;129336;131615;128764;51.20;1.42%
44127;129341;129727;130255;127389;73.94;-0.31%
44126;129746;128055;131839;126982;113.31;1.30%
44125;128087;119136;132135;118946;197.72;7.51%
44124;119135;117539;120294;116857;94.59;1.36%
44123;117534;115071;118233;114139;73.04;2.14%
44122;115069;113621;115069;113498;31.51;1.27%
44121;113621;113218;114027;112744;29.86;0.35%
44120;113220;115032;115422;112246;71.42;-1.57%
44119;115030;114214;115909;112767;70.84;0.72%
44118;114204;114244;115410;112935;59.12;-0.03%
44117;114238;115335;115580;113159;64.67;-0.95%
44116;115339;113708;117159;112274;84.02;1.43%
44115;113710;112956;114394;112776;41.06;0.64%
44114;112984;110535;114750;110531;65.81;2.21%
44113;110542;109235;111030;108369;70.95;1.19%
44112;109241;106707;109486;105496;79.78;2.37%
44111;106709;106010;106801;105533;49.27;0.64%
44110;106026;107902;108003;105308;69.07;-1.73%
44109;107895;106725;107896;106234;48.86;1.09%
44108;106729;105444;106933;105208;31.40;1.22%
44107;105442;105722;105978;105012;29.10;-0.27%
44106;105723;106196;106629;103876;77.94;-0.45%
44105;106205;107766;109137;104627;95.33;-1.44%
44104;107761;108434;108477;106676;55.55;-0.60%
44103;108409;106943;108584;106424;59.64;1.38%
44102;106932;107764;109466;106852;72.29;-0.77%
44101;107762;107279;107992;106027;40.92;0.45%
44100;107279;106889;107933;106502;37.85;0.37%
44099;106888;107399;107560;105589;71.43;-0.47%
44098;107394;102381;107878;102010;82.95;4.90%
44097;102373;105315;105354;101466;74.95;-2.79%
44096;105315;104194;105707;103617;63.52;1.10%
44095;104168;109199;109872;103285;109.85;-4.62%
44094;109215;110816;110816;107727;53.39;-1.45%
44093;110818;109330;111771;108907;51.63;1.36%
44092;109330;109413;110297;108187;63.48;-0.08%
44091;109413;109501;110393;107552;77.22;-0.07%
44090;109495;107852;110933;106692;94.94;1.52%
44089;107853;106752;109318;106278;91.70;1.03%
44088;106753;103327;107443;102645;96.64;3.38%
44087;103260;104417;105796;102194;66.12;-1.11%
44086;104419;103902;104768;102759;48.49;0.50%
44085;103902;103398;103988;102126;62.28;0.49%
44084;103397;102243;104803;102192;88.01;1.13%
44083;102246;101268;103433;99846;71.37;0.97%
44082;101266;103769;104344;98771;113.90;-2.41%
44081;103769;102964;104009;98870;12.40;0.78%
44080;102964;100922;103377;100047;12.12;2.02%
44079;100922;104723;105587;98978;14.72;-3.63%
44078;104725;101687;106142;99603;12.50;2.99%
44077;101688;114132;114427;100095;9.65;-10.90%
44076;114133;119144;119475;112449;20.26;-4.21%
44075;119149;116442;120459;115446;580.69;2.32%
44074;116442;117011;117602;115638;496.14;-0.49%
44073;117020;114681;117042;114626;409.36;2.04%
44072;114681;115278;115768;114335;389.85;-0.51%
44071;115274;113275;115390;112819;464.94;1.77%
44070;113274;114623;115803;111353;560.59;-1.18%
44069;114623;113249;115336;112546;513.06;1.21%
44068;113248;117529;117669;111310;594.07;-3.65%
44067;117535;116416;118246;115871;429.13;0.96%
44066;116416;116611;117054;115208;377.33;-0.17%
44065;116613;115292;116770;113821;433.98;1.15%
44064;115292;118569;118774;114956;506.38;-2.76%
44063;118569;117510;118810;116727;430.93;0.91%
44062;117502;119444;120132;116026;550.26;-1.65%
44061;119476;122830;123814;118420;606.79;-2.73%
44060;122826;118988;124441;117640;628.41;3.22%
44059;118990;118455;119225;116889;410.81;0.45%
44058;118453;117511;119640;117115;499.10;0.80%
44057;117508;117711;118355;116515;435.44;-0.17%
44056;117709;115572;117729;112984;545.67;1.85%
44055;115572;113904;116054;111906;549.59;1.46%
44054;113904;118892;119318;111467;615.90;-4.19%
44053;118892;116811;120411;115469;564.11;1.78%
44052;116812;117644;117928;115275;303.00;-0.71%
44051;117643;115916;118055;115335;317.06;1.49%
44050;115920;117571;119018;113524;517.00;-1.40%
44049;117571;117350;118984;115630;554.85;0.19%
44048;117351;111848;117715;111145;570.83;4.92%
44047;111847;112238;114078;110430;485.79;-0.35%
44046;112244;110669;114611;109816;470.24;1.42%
44045;110668;118026;120611;107307;647.95;-6.24%
44044;118031;113332;118477;112261;611.47;4.14%
44043;113334;110965;114348;109646;530.95;2.14%
44042;110962;111058;111644;108616;501.14;-0.09%
44041;111059;109084;113365;107718;576.83;1.81%
44040;109085;109611;110461;108736;658.37;-1.04%
44039;110228;99327;113670;98946;908.99;10.98%
44038;99325;96900;100866;96459;415.07;2.35%
44037;97041;95467;97293;95362;306.29;1.65%
44036;95464;95992;96262;94805;359.16;-0.55%
44035;95996;95136;96465;94511;425.66;0.90%
44034;95137;93874;95231;92960;386.00;1.35%
44033;93873;91623;94269;91551;458.99;2.46%
44032;91624;92081;92184;91399;312.98;-0.50%
44031;92080;91701;92248;91064;265.25;0.41%
44030;91702;91558;91988;91267;276.40;0.16%
44029;91558;91354;91819;90915;310.92;0.22%
44028;91353;91987;92242;90520;429.04;-0.69%
44027;91987;92536;92702;91687;429.84;-0.59%
44026;92534;92431;92748;91357;453.83;0.11%
44025;92436;93005;93296;92076;456.87;-0.62%
44024;93008;92342;93378;91704;366.88;0.73%
44023;92333;92858;92955;91842;353.92;-0.56%
44022;92851;92390;93098;91319;418.47;0.53%
44021;92357;94301;94345;91760;444.27;-2.06%
44020;94299;92563;94583;92331;509.94;1.88%
44019;92560;93388;93712;92093;420.55;-0.89%
44018;93390;90804;93630;90632;510.27;2.84%
44017;90810;91343;91496;89321;314.10;-0.58%
44016;91344;90671;91823;90496;261.25;0.74%
44015;90671;90850;91204;90509;333.88;-0.20%
44014;90851;92299;92597;89621;483.10;-1.57%
44013;92299;91359;92890;91011;366.78;1.03%
44012;91354;91860;91998;90753;381.73;-0.54%
44011;91854;91228;92291;90336;401.12;0.67%
44010;91240;90084;91855;89502;329.01;1.28%
44009;90083;91605;91905;88653;441.93;-1.66%
44008;91600;92475;92965;90601;489.84;-0.95%
44007;92475;93008;93273;90226;524.45;-0.59%
44006;93020;96246;96674;92230;515.78;-3.35%
44005;96246;96839;97156;95818;375.49;-0.61%
44004;96837;92965;97519;92858;523.32;4.17%
44003;92964;93588;94112;92885;335.99;-0.67%
44002;93588;93140;93945;91998;383.44;0.48%
44001;93140;93903;94240;92496;478.49;-0.79%
44000;93881;94646;94804;92893;391.67;-0.81%
43999;94646;95236;95436;92582;446.45;-0.62%
43998;95235;94256;95771;93793;545.47;1.04%
43997;94254;93455;94897;89256;750.90;0.86%
43996;93453;94707;94747;92644;311.27;-1.33%
43995;94713;94665;94849;93699;364.97;0.05%
43994;94666;92837;95475;92494;529.28;1.97%
43993;92832;98789;99452;91391;919.30;-6.03%
43992;98788;97688;99709;97107;533.55;1.13%
43991;97688;97777;98572;96166;479.55;-0.09%
43990;97779;97434;97882;96623;431.04;0.36%
43989;97426;96696;97918;94174;549.20;0.76%
43988;96696;96308;97331;95495;370.85;0.40%
43987;96312;97940;98461;96287;527.05;-1.67%
43986;97944;96672;98644;94909;593.66;1.32%
43985;96672;95270;96672;94217;558.12;1.47%
43984;95276;101907;102073;93473;1.06;-6.49%
43983;101893;94545;103018;94297;796.68;7.77%
43982;94548;96929;96956;94062;645.27;-2.45%
43981;96925;94248;97299;93527;720.62;2.84%
43980;94248;95734;95965;93581;814.33;-1.54%
43979;95722;91998;96108;91192;948.86;4.06%
43978;91991;88423;92109;88186;810.89;4.03%
43977;88425;88977;89946;87139;784.92;-0.63%
43976;88982;87280;89595;86661;941.89;1.95%
43975;87282;91779;92920;87241;1.11;-4.89%
43974;91770;91698;93032;90989;812.56;0.08%
43973;91697;90582;92535;89521;914.59;1.22%
43972;90590;95116;95671;88336;1.41;-4.76%
43971;95123;97730;98293;93684;1.15;-2.67%
43970;97733;97308;98839;94987;1.16;0.44%
43969;97307;96784;99302;95244;1.18;0.55%
43968;96777;93766;98660;93278;1.18;3.18%
43967;93795;93181;95790;92330;1.10;0.66%
43966;93180;97786;98196;92232;1.56;-4.71%
43965;97784;92987;98875;92658;1.77;5.16%
43964;92987;88139;93846;87991;1.50;5.50%
43963;88138;85698;89645;85428;1.35;2.73%
43962;85798;87376;91296;82356;2.29;-1.82%
43961;87388;95539;95694;82593;2.47;-8.54%
43960;95546;98060;99105;95336;1.49;-2.57%
43959;98062;99801;100182;97314;1.42;-1.74%
43958;99798;91527;100330;90648;1.91;9.05%
43957;91514;90006;93737;89236;1.62;1.67%
43956;90010;88742;90787;88004;1.05;1.42%
43955;88747;88855;89455;85532;1.12;-0.12%
43954;88855;89662;91699;87422;1.15;-0.90%
43953;89663;88216;89862;87713;890.34;1.64%
43952;88216;86286;90403;86210;1.11;2.23%
43951;86290;87706;94375;84255;2.04;-1.62%
43950;87709;77467;89185;77297;1.83;13.22%
43949;77469;77660;77701;76553;808.09;-0.25%
43948;77660;76794;77685;76377;980.50;1.13%
43947;76789;75404;76794;75205;921.59;1.84%
43946;75404;75039;76846;74510;861.93;0.49%
43945;75038;74913;75835;74235;951.95;0.20%
43944;74885;71128;76554;70365;1.34;5.28%
43943;71129;68425;71374;68218;914.18;3.95%
43942;68425;68334;69193;67743;892.57;0.13%
43941;68335;71229;72075;67712;1.26;-4.06%
43940;71229;72309;72380;70791;5.93;-1.49%
43939;72308;70359;72594;70315;796.45;2.77%
43938;70358;70855;71428;70058;810.10;-0.70%
43937;70856;66291;71597;65205;1.54;6.89%
43936;66291;68513;69295;66159;1.00;-3.24%
43935;68509;68418;69708;67686;999.53;0.14%
43934;68413;69181;69203;66185;1.25;-1.10%
43933;69176;68679;71588;67851;1.10;0.73%
43932;68678;68627;69314;67651;845.58;0.07%
43931;68631;72890;72944;67561;1.37;-5.84%
43930;72890;73611;73611;71403;963.55;-0.98%
43929;73612;71856;73961;71531;983.94;2.45%
43928;71852;73323;74403;71017;1.32;-2.01%
43927;73323;67728;73350;67701;1.53;8.26%
43926;67727;68575;68894;66860;842.33;-1.23%
43925;68574;67359;69586;66791;1.05;1.80%
43924;67359;67999;70263;66236;1.35;-0.95%
43923;68005;66388;71827;65679;1.74;2.44%
43922;66385;64124;66613;61574;1.40;3.52%
43921;64125;63911;65131;63463;1.05;0.34%
43920;63910;58904;65765;58725;1.43;8.50%
43919;58904;62332;62588;58893;916.17;-5.51%
43918;62337;63734;63743;60465;1.26;-2.19%
43917;63734;67255;68137;63223;1.16;-5.23%
43916;67251;66779;67729;65417;1.18;0.69%
43915;66789;67448;69302;64746;1.52;-0.97%
43914;67446;64688;68142;63808;1.73;4.26%
43913;64689;58220;65647;57108;1.88;11.11%
43912;58221;61869;63944;57712;1.48;-5.89%
43911;61862;62056;64383;58870;1.64;-0.31%
43910;62053;61716;68581;57482;2.22;0.54%
43909;61720;53592;63795;52560;2.18;15.12%
43908;53614;52607;53731;50209;1.80;1.91%
43907;52611;50302;54328;49465;1.89;4.59%
43906;50300;53664;53693;44777;2.55;-6.27%
43905;53663;51829;58633;51206;1.61;3.54%
43904;51827;55894;56349;50722;1.69;-7.19%
43903;55843;48152;59343;38695;4.17;15.71%
43902;48260;79352;79631;45466;3.22;-39.18%
43901;79351;78921;79765;76060;1.10;0.56%
43900;78912;79330;81455;77402;1.20;-0.53%
43899;79330;80358;81588;76487;1.54;-1.26%
43898;80341;88878;88880;80153;1.11;-9.61%
43897;88878;91342;91808;88487;750.65;-2.70%
43896;91348;90606;91652;90049;1.04;0.82%
43895;90603;87579;91473;87515;950.76;3.45%
43894;87579;87613;88403;86797;759.69;-0.04%
43893;87614;89061;89117;86693;1.01;-1.61%
43892;89048;85375;89618;85031;1.02;4.27%
43891;85400;85438;87372;84372;784.05;-0.04%
43890;85437;86971;87937;85398;683.44;-1.77%
43889;86975;88201;88987;84519;1.08;-1.37%
43888;88186;88001;89683;85385;1.13;0.21%
43887;88003;93171;93681;86720;1.32;-5.55%
43886;93172;96626;96723;92698;937.97;-3.57%
43885;96627;99432;99810;95070;980.00;-2.82%
43884;99427;96556;99656;96534;775.88;2.97%
43883;96557;96845;97065;95698;589.88;-0.30%
43882;96845;96022;97471;95745;716.61;0.85%
43881;96024;96119;96814;94489;870.80;-0.07%
43880;96094;101586;102309;94243;905.95;-5.40%
43879;101584;97015;102301;96016;945.91;4.71%
43878;97014;99317;99515;94689;961.88;-2.32%
43877;99323;99074;100564;96549;808.91;0.25%
43876;99077;103360;103698;98317;808.81;-4.12%
43875;103330;102355;103724;101252;732.51;0.96%
43874;102351;103219;104826;101169;940.30;-0.80%
43873;103177;102293;104356;102293;803.25;0.86%
43872;102295;98540;103141;97251;791.28;3.81%
43871;98541;101515;101817;97748;781.22;-2.93%
43870;101515;98954;101571;98827;617.35;2.59%
43869;98955;98173;99312;96732;551.31;0.78%
43868;98186;97719;98725;97387;608.96;0.48%
43867;97720;96118;98549;95361;778.67;1.67%
43866;96118;91941;97268;91799;771.46;4.54%
43865;91939;92965;93475;91939;651.68;-1.10%
43864;92966;93346;95828;92431;701.39;-0.41%
43863;93349;93815;94654;91831;683.37;-0.50%
43862;93816;93493;94588;93015;458.42;0.35%
43861;93491;95083;95250;92223;633.37;-1.66%
43860;95073;92991;95690;92092;765.21;2.24%
43859;92989;93773;94287;92509;749.88;-0.84%
43858;93773;88666;93895;88666;954.20;5.76%
43857;88666;86081;89831;85856;706.45;3.01%
43856;86078;83416;86078;83049;468.34;3.19%
43855;83416;84399;84476;82772;444.00;-1.17%
43854;84399;84049;85220;82426;617.02;0.41%
43853;84051;86785;86873;83096;722.67;-3.15%
43852;86785;87330;88054;86108;509.06;-0.62%
43851;87326;86420;87703;85240;540.20;1.05%
43850;86419;87057;87401;85392;599.06;-0.74%
43849;87062;89163;91837;85528;975.01;-2.36%
43848;89163;89130;89823;88146;627.74;0.04%
43847;89131;87267;90051;86759;794.11;2.13%
43846;87269;88181;88500;86058;748.32;-1.04%
43845;88183;88279;89040;86155;1.17;-0.12%
43844;88292;81112;88987;81112;1.48;8.85%
43843;81114;81883;81967;80684;610.66;-0.93%
43842;81876;80233;81899;79731;595.22;2.04%
43841;80241;81878;82629;80084;776.75;-1.99%
43840;81871;78425;81874;76977;1.05;4.40%
43839;78424;80600;80659;77792;786.50;-2.70%
43838;80596;81542;84364;79008;1.19;-1.18%
43837;81557;77591;81820;77541;1.01;5.11%
43836;77591;73726;77831;73667;786.75;5.24%
43835;73725;73768;75010;73456;628.14;-0.06%
43834;73768;73451;74331;72914;523.91;0.46%
43833;73431;69671;74029;68841;936.29;5.40%
43832;69670;71997;72096;69014;632.78;-3.23%
43831;71998;71964;72594;71800;420.28;0.05%
