Date,Price,Open,High,Low,Vol.,Change %
45505,653729,646257,655879,623039,84.20K,1.16%
45504,646260,661854,668256,645383,51.52K,-2.36%
45503,661849,667961,669983,653287,54.43K,-0.92%
45502,667987,682563,700002,665445,85.67K,-2.14%
45501,682563,678889,682919,670678,26.17K,0.61%
45500,678431,679108,693876,667768,67.99K,-0.10%
45499,679086,657997,68205,657643,59.13K,3.21%
45498,657993,653639,660886,635009,77.46K,0.66%
45497,653705,659368,670721,651552,52.47K,-0.86%
45496,659378,675504,677502,655129,69.58K,-2.39%
45495,675536,681584,684689,666018,54.88K,-0.89%
45494,681587,671478,683529,658256,47.19K,1.50%
45493,671485,66677,675864,662574,32.94K,0.71%
45492,666774,639812,673904,633261,82.87K,4.22%
45491,639805,640904,65102,632535,51.27K,-0.17%
45490,640892,650528,660515,638975,66.11K,-1.48%
45489,650497,647492,653195,624308,93.63K,0.41%
45488,647824,607947,648695,606788,96.02K,6.56%
45487,607949,592079,613269,592079,47.48K,2.68%
45486,592098,578974,598265,577706,34.28K,2.29%
45485,578851,573383,585209,565757,56.84K,0.96%
45484,573373,577459,594044,57095,66.40K,-0.71%
45483,577467,580402,593938,571853,59.60K,-0.50%
45482,580394,567213,58234,563063,64.25K,2.32%
45481,567247,558502,581158,5432,102.91K,1.55%
45480,558611,582402,583946,557563,41.12K,-4.12%
45479,582592,5664,58462,560268,46.91K,2.86%
45478,566418,570257,574711,538834,175.51K,-0.67%
45477,570263,602014,60463,568127,116.38K,-5.27%
45476,601993,621049,622636,594666,73.34K,-3.07%
45475,621033,628883,63257,617976,46.52K,-1.25%
45474,628901,627688,638421,62558,59.94K,0.22%
45473,627543,609731,630066,607037,37.21K,2.92%
45472,609734,604037,611928,603828,26.56K,0.94%
45471,604033,616846,621754,600819,58.95K,-2.08%
45470,616853,608483,623512,606294,48.79K,1.37%
45469,608494,618099,624694,607151,54.95K,-1.55%
45468,618094,60292,62266,602622,77.28K,2.52%
45467,602927,632016,633571,585899,120.60K,-4.59%
45466,631962,64261,645189,631953,19.94K,-1.66%
45465,64261,641319,645239,63944,17.55K,0.21%
45464,641285,648543,650549,634279,60.86K,-1.12%
45463,648543,649821,664742,645667,56.24K,-0.19%
45462,649809,651598,657064,647056,42.96K,-0.27%
45461,651599,664957,665712,640984,93.72K,-2.01%
45460,664988,666729,672538,651154,66.09K,-0.26%
45459,666747,66223,669514,660381,20.74K,0.68%
45458,66223,660341,664464,658951,24.05K,0.29%
45457,660348,667752,673477,650765,65.18K,-1.11%
45456,667731,682606,683846,663243,66.36K,-2.18%
45455,682601,673209,699908,669115,85.55K,1.40%
45454,673198,695379,695733,661978,96.70K,-3.19%
45453,695382,696502,701525,692599,39.12K,-0.16%
45452,696506,693105,698478,691367,20.99K,0.49%
45451,693101,69347,695721,692224,23.03K,-0.05%
45450,693479,707934,719565,686207,82.62K,-2.04%
45449,707915,710836,716161,701787,49.79K,-0.41%
45448,710837,705509,717444,703971,67.06K,0.76%
45447,705492,68808,710342,685643,75.69K,2.53%
45446,688078,677633,70131,676168,69.42K,1.53%
45445,677735,677608,684475,673306,30.63K,0.02%
45444,677608,675339,67861,674496,19.01K,0.34%
45443,675301,683523,690182,666768,61.51K,-1.21%
45442,683547,676313,695047,671384,66.84K,1.06%
45441,676358,683662,688976,671432,52.13K,-1.07%
45440,68366,694283,695607,672999,71.39K,-1.53%
45439,694287,685146,706383,682752,49.07K,1.33%
45438,685148,692872,69494,682945,24.58K,-1.11%
45437,692844,685482,695588,685161,25.17K,1.07%
45436,685476,679711,69212,666858,63.28K,0.84%
45435,679757,691663,70041,665781,89.45K,-1.71%
45434,691554,70141,705934,690243,65.08K,-1.40%
45433,701399,714305,71872,691817,108.56K,-1.80%
45432,714227,662783,714828,660765,112.66K,7.76%
45431,662791,66919,676625,659373,36.19K,-0.95%
45430,669175,670366,673614,666361,29.68K,-0.18%
45429,670368,652311,674207,651217,63.09K,2.77%
45428,65231,662196,666439,646233,72.55K,-1.50%
45427,662251,615694,664171,613575,106.05K,7.56%
45426,615694,629368,631026,611569,68.84K,-2.17%
45425,629372,614805,634432,60779,70.55K,2.37%
45424,6148,608266,618477,606471,27.40K,1.07%
45423,608266,607968,614875,604993,27.50K,0.05%
45422,607969,630743,634543,602518,79.33K,-3.61%
45421,63075,612073,634133,606714,64.22K,3.05%
45420,612075,623049,629974,608942,56.47K,-1.78%
45419,623177,631631,64361,622941,59.74K,-1.34%
45418,631631,640058,654488,627307,77.68K,-1.32%
45417,640064,638977,645872,629239,40.51K,0.18%
45416,638883,628871,64466,625991,53.03K,1.61%
45415,628775,591043,632984,588308,100.46K,6.35%
45414,591213,583349,59548,569898,98.06K,1.35%
45413,583312,60665,608275,566435,171.55K,-3.85%
45412,606666,638524,647002,592287,121.04K,-5.00%
45411,638601,631137,641931,618372,67.26K,1.19%
45410,631097,634579,643461,628278,36.65K,-0.55%
45409,634568,637658,639167,625077,45.34K,-0.49%
45408,637664,644971,647713,633549,61.60K,-1.13%
45407,644971,642871,652475,628892,80.77K,0.33%
45406,642857,664149,670605,636069,77.83K,-3.21%
45405,66415,668295,6718,658483,52.42K,-0.62%
45404,668293,649401,67208,645275,72.30K,2.91%
45403,649402,649421,656806,642675,42.02K,-0.03%
45402,649611,638176,653756,631317,49.33K,1.82%
45401,637991,634805,654412,596933,150.34K,0.50%
45400,634814,612789,640924,608223,97.38K,3.59%
45399,612789,638023,644515,598208,118.92K,-3.96%
45398,638053,634161,642744,617156,114.96K,0.62%
45397,634119,656966,668051,623795,118.79K,-3.48%
45396,656974,639095,657582,621747,134.40K,2.89%
45395,638499,671374,67921,610655,149.48K,-4.92%
45394,671519,700149,712269,658293,131.84K,-4.08%
45393,700116,706204,712492,695861,72.51K,-0.86%
45392,706221,691478,710869,6757,97.71K,2.13%
45391,69148,716273,717372,682646,93.69K,-3.47%
45390,716301,69358,727108,691105,105.78K,3.27%
45389,693604,688973,702858,688494,46.99K,0.68%
45388,688906,678305,69632,674672,41.48K,1.56%
45387,678306,684987,686922,660233,88.97K,-0.97%
45386,684965,659684,692388,650963,100.30K,3.84%
45385,65963,654436,668448,64559,88.46K,0.80%
45384,654392,696627,69673,646284,152.87K,-6.07%
45383,696644,713293,713293,681759,94.05K,-2.34%
45382,71332,696085,713675,695766,42.45K,2.47%
45381,696115,698723,703212,695649,29.87K,-0.37%
45380,698717,707667,70907,690909,58.99K,-1.26%
45379,707621,694494,715425,689569,72.49K,1.90%
45378,694424,699992,716708,684286,112.88K,-0.80%
45377,699993,698963,714907,693664,90.98K,0.15%
45376,69892,672164,711188,66395,124.72K,3.99%
45375,672119,640365,675878,638129,65.59K,4.96%
45374,640378,637856,659724,630749,35.11K,0.40%
45373,637855,655015,666333,623283,72.43K,-2.62%
45372,655038,6786,681617,646161,75.26K,-3.46%
45371,67854,620468,680295,608509,133.53K,9.35%
45370,6205,675941,680996,615606,148.08K,-8.20%
45369,675941,683897,689201,666014,78.07K,-1.17%
45368,683912,653142,688577,646055,66.07K,4.71%
45367,653142,694565,70037,64971,75.82K,-5.97%
45366,694637,713871,723981,657656,148.59K,-2.69%
45365,713875,730667,737409,687172,109.43K,-2.30%
45364,730663,714619,736235,713384,77.18K,2.23%
45363,714702,720991,729167,688456,105.09K,-0.87%
45362,720991,689647,727715,674528,114.72K,4.54%
45361,689648,683607,699053,68165,53.49K,0.88%
45360,683665,681785,685769,679239,30.71K,0.29%
45359,68172,668544,69904,661707,112.67K,1.97%
45358,668553,660746,679855,656026,77.47K,1.17%
45357,660804,637947,676049,628487,117.91K,3.59%
45356,637926,682731,690631,601382,207.60K,-6.56%
45355,682701,631358,684951,627468,130.86K,8.13%
45354,631358,619556,632273,613994,38.01K,1.84%
45353,619945,623977,624463,616219,33.80K,-0.65%
45352,623977,611573,631473,607909,74.96K,2.01%
45351,611693,624671,636534,605125,119.29K,-2.08%
45350,624676,570487,639153,567049,173.64K,9.48%
45349,570562,544911,575552,54464,100.48K,4.70%
45348,544951,517227,548991,509252,78.05K,5.36%
45347,517227,515721,51952,51299,23.61K,0.29%
45346,515716,507396,516899,50592,20.99K,1.64%
45345,507405,513206,515325,505376,43.27K,-1.13%
45344,513204,518502,520158,509473,50.27K,-1.04%
45343,518582,522635,523673,506769,59.02K,-0.78%
45342,522635,517831,529368,508018,68.10K,0.93%
45341,517836,521196,524848,516942,36.73K,-0.64%
45340,521175,51646,523503,511996,26.89K,0.91%
45339,51646,521342,521755,506523,32.45K,-0.94%
45338,521342,519014,525567,516126,52.86K,0.45%
45337,519013,518052,528194,513275,74.72K,0.23%
45336,517824,497086,520107,492638,80.35K,4.16%
45335,49716,49941,503266,483983,78.51K,-0.45%
45334,499413,482802,502773,477299,81.85K,3.45%
45333,482773,477593,485316,475902,36.50K,1.09%
45332,477582,47128,48149,46875,31.20K,1.34%
45331,471275,452933,481188,452542,98.11K,4.05%
45330,452933,443462,455792,443364,66.38K,2.15%
45329,443398,430884,443679,427835,48.57K,2.91%
45328,430877,426976,433755,425668,33.32K,0.91%
45327,426972,425814,435322,422725,39.26K,0.27%
45326,425814,430062,431132,423794,20.33K,-0.99%
45325,430057,431947,433704,42882,14.57K,-0.44%
45324,431947,430837,434593,425963,42.65K,0.26%
45323,430814,425801,432631,418905,47.69K,1.18%
45322,425805,429462,437397,423154,56.48K,-0.85%
45321,429462,433033,438179,427029,55.13K,-0.82%
45320,432998,420314,433056,418247,45.23K,3.02%
45319,420307,421213,428171,41649,32.53K,-0.21%
45318,421209,418115,421918,41413,20.46K,0.74%
45317,418113,39942,422148,398312,69.47K,4.70%
45316,399357,400851,402858,395463,46.30K,-0.37%
45315,40086,398913,405352,3951,58.64K,0.49%
45314,398888,39555,401594,385469,82.67K,0.84%
45313,395564,415817,416849,394684,85.10K,-4.87%
45312,415832,416954,41878,415045,16.11K,-0.27%
45311,416954,416476,41858,414495,22.27K,0.11%
45310,41648,412938,421646,403054,72.64K,0.86%
45309,412927,427635,42908,406826,70.35K,-3.45%
45308,427687,431391,431923,422118,50.44K,-0.87%
45307,431455,425152,435637,420931,63.93K,1.49%
45306,425107,417476,433489,417192,52.08K,1.83%
45305,417461,428513,430694,417396,37.14K,-2.58%
45304,428513,428367,432486,424433,48.18K,0.04%
45303,428359,463481,465032,418579,136.92K,-7.58%
45302,463482,466293,489237,456518,131.04K,-0.60%
45301,466293,46112,476543,444036,131.48K,1.08%
45300,46129,469592,478801,453339,100.09K,-1.77%
45299,469622,439342,471967,43251,103.09K,6.91%
45298,439273,439735,444812,436279,29.53K,-0.09%
45297,439679,441566,442032,43424,24.26K,-0.43%
45296,441569,44163,443121,42629,68.07K,0.00%
45295,44157,428361,447445,426328,68.05K,3.08%
45294,428361,449437,454927,408883,117.65K,-4.69%
45293,449437,441829,458854,44166,97.84K,1.72%
45292,441834,422725,44187,421967,36.30K,4.52%
45291,422725,421416,428788,419714,35.58K,0.32%
45290,421367,420747,425922,415273,35.18K,0.15%
45289,420724,425811,43108,41459,60.98K,-1.19%
45288,425811,434465,437826,423093,49.84K,-1.99%
45287,434465,425143,436767,421153,50.10K,2.20%
45286,425133,435799,435949,417966,56.03K,-2.44%
45285,435785,42982,437927,427453,32.67K,1.39%
45284,429815,437104,439357,427485,30.86K,-1.67%
45283,437104,439689,439946,433257,21.29K,-0.59%
45282,439689,438659,443946,434193,44.50K,0.23%
45281,438659,436603,442418,433102,48.96K,0.47%
45280,436628,422595,442787,422172,70.19K,3.32%
45279,422593,426597,434733,418427,55.29K,-0.94%
45278,426597,413691,42728,40554,61.58K,3.12%
45277,413687,422717,424132,412769,35.46K,-2.14%
45276,422717,41929,426903,416982,30.11K,0.82%
45275,41929,430252,430807,416979,45.28K,-2.55%
45274,430259,428863,433927,415912,59.15K,0.33%
45273,428845,41487,434175,406493,63.11K,3.37%
45272,41487,412561,420709,406915,57.04K,0.56%
45271,412561,43791,438063,402771,105.19K,-5.79%
45270,43791,437166,440454,435768,23.81K,0.17%
45269,437184,441755,443612,436174,31.67K,-1.03%
45268,441755,432883,446976,431084,58.44K,2.05%
45267,432897,437744,440464,428605,63.09K,-1.11%
45266,437763,440762,442837,434667,72.52K,-0.68%
45265,440762,419896,444241,414249,96.84K,4.97%
45264,419878,399686,423944,399686,104.21K,5.05%
45263,399702,394568,401789,392803,35.27K,1.30%
45262,394584,386882,396734,386465,37.09K,1.99%
45261,386882,377129,389508,376183,62.50K,2.59%
45260,377129,378576,381444,375092,33.53K,-0.38%
45259,378555,378233,383629,376076,49.34K,0.09%
45258,378233,372443,383794,368811,57.50K,1.54%
45257,372486,374518,375633,367515,45.24K,-0.54%
45256,374518,377864,378191,371663,29.20K,-0.89%
45255,37787,377186,378874,375999,16.09K,0.18%
45254,377173,37295,384008,372574,65.83K,1.14%
45253,372931,374108,376425,369153,32.35K,-0.31%
45252,374108,357975,378625,356956,64.81K,4.46%
45251,358136,374527,376312,357992,71.07K,-4.38%
45250,374541,373566,377356,368576,51.80K,0.27%
45249,373542,365686,375046,363933,26.14K,2.15%
45248,365686,366175,368452,362206,20.88K,-0.07%
45247,365954,361618,366906,358752,51.37K,1.20%
45246,361612,378739,379076,355616,66.92K,-4.52%
45245,378749,355493,379541,353796,75.51K,6.54%
45244,355493,364783,367445,349843,63.56K,-2.55%
45243,364783,370678,374046,363584,44.55K,-1.58%
45242,370644,37149,372153,367619,21.45K,-0.23%
45241,371505,373063,374013,367676,29.53K,-0.41%
45240,37303,367005,374961,363472,59.56K,1.64%
45239,367005,356369,37942,355781,115.56K,2.98%
45238,356369,354262,360502,351488,46.33K,0.60%
45237,354261,350421,358779,345369,53.49K,1.10%
45236,35042,350203,352756,347429,29.81K,0.06%
45235,350194,350658,353602,3455,31.02K,-0.13%
45234,350658,347186,352422,346011,23.80K,1.00%
45233,347187,349314,349406,341242,54.54K,-0.61%
45232,349314,354238,359076,343574,63.66K,-1.39%
45231,354238,346483,355575,341387,71.66K,2.23%
45230,346506,344789,347046,340539,43.40K,0.50%
45229,344779,345267,348533,340895,45.20K,-0.14%
45228,345267,340826,347379,339376,27.72K,1.30%
45227,340826,339016,343878,338673,22.00K,0.53%
45226,339018,341537,342458,334236,47.33K,-0.74%
45225,341537,344976,34826,337499,56.62K,-0.99%
45224,344968,33917,351239,337134,75.81K,1.71%
45223,33917,330373,351914,328665,159.08K,2.65%
45222,330418,299842,343756,298914,133.46K,10.20%
45221,299842,299127,301934,297136,29.07K,0.24%
45220,299129,296747,302648,294691,34.68K,0.80%
45219,296745,28724,301659,285861,82.68K,3.31%
45218,28723,283218,288838,281702,50.10K,1.42%
45217,283217,284052,28876,28169,45.01K,-0.29%
45216,284036,285083,286085,280969,53.42K,-0.37%
45215,285097,271612,299695,271197,119.18K,4.96%
45214,271612,268528,272869,268126,21.95K,1.15%
45213,268528,268635,269757,268051,13.56K,-0.04%
45212,268635,267611,271148,266829,33.66K,0.38%
45211,267611,268782,269428,265653,32.75K,-0.43%
45210,268766,273919,274759,265584,55.78K,-1.88%
45209,27391,275815,277281,273001,34.32K,-0.69%
45208,275814,279227,279864,272795,44.81K,-1.22%
45207,279227,279611,280975,277144,24.11K,-0.14%
45206,279611,279355,280213,27859,17.29K,0.09%
45205,279369,274103,282236,271957,52.51K,1.92%
45204,274103,277835,280891,273717,46.26K,-1.37%
45203,277909,274287,278327,272425,40.93K,1.32%
45202,274284,275016,276708,271941,44.06K,-0.28%
45201,275053,279746,285566,273252,84.30K,-1.68%
45200,279745,269625,280384,269557,35.11K,3.75%
45199,269627,269081,270857,268875,17.55K,0.20%
45198,269098,270226,272295,267288,42.24K,-0.42%
45197,270226,263682,272836,263394,64.56K,2.49%
45196,263661,262189,268369,261091,50.80K,0.56%
45195,262189,263031,263962,260934,26.41K,-0.32%
45194,263027,262516,264236,260136,38.20K,0.20%
45193,262515,26579,267276,261622,22.32K,-1.23%
45192,265792,265817,266362,265175,12.92K,-0.01%
45191,265819,265695,267364,264885,28.79K,0.04%
45190,2657,271252,271556,263823,47.81K,-2.05%
45189,27125,272092,273786,268518,47.23K,-0.31%
45188,272092,26759,274807,266722,52.17K,1.67%
45187,267635,265303,274133,264052,63.35K,0.88%
45186,265291,26562,266144,264087,16.57K,-0.12%
45185,26562,265999,26769,264635,18.45K,-0.15%
45184,26601,265233,268374,262331,36.47K,0.29%
45183,265247,26223,267603,261486,53.82K,1.15%
45182,26223,258361,263823,257669,42.58K,1.50%
45181,258345,251664,264726,251335,78.71K,2.65%
45180,251664,258402,258974,249231,56.32K,-2.61%
45179,258402,259011,259951,256267,23.60K,-0.24%
45178,259011,259095,259385,258143,13.48K,-0.03%
45177,259095,262485,264154,257016,41.01K,-1.30%
45176,262498,25758,264177,256265,39.77K,1.91%
45175,25758,257901,260184,254117,37.78K,-0.13%
45174,257902,258244,25864,255963,28.40K,-0.13%
45173,258233,25971,260942,256609,27.13K,-0.57%
45172,25971,258697,260904,258166,21.36K,0.39%
45171,258697,258035,259774,257527,21.24K,0.26%
45170,258032,259383,261449,253619,58.08K,-0.52%
45169,259373,273006,274645,25731,69.11K,-4.99%
45168,272988,277239,277573,270432,46.54K,-1.53%
45167,277239,261181,28046,259198,98.32K,6.14%
45166,261189,261006,262157,25891,28.84K,0.07%
45165,261006,260171,261768,259687,14.29K,0.32%
45164,260171,260572,261141,259935,12.09K,-0.15%
45163,260572,261761,262657,258116,39.96K,-0.46%
45162,26177,264362,265605,259436,41.04K,-0.98%
45161,264362,26042,268077,258126,60.96K,1.52%
45160,260399,261268,261388,254819,47.72K,-0.33%
45159,26126,261908,262209,258508,41.10K,-0.25%
45158,261908,260995,262691,259985,24.00K,0.35%
45157,260994,260533,262622,257995,33.04K,0.18%
45156,260532,266357,268019,25691,93.05K,-2.19%
45155,266357,287261,287718,254894,132.92K,-7.28%
45154,287263,291953,292511,287176,43.71K,-1.61%
45153,291953,294267,29472,291186,33.81K,-0.79%
45152,294267,293001,29689,29116,39.30K,0.43%
45151,293001,294282,294685,292723,13.49K,-0.44%
45150,294282,294208,294808,293754,11.07K,0.02%
45149,294208,294489,295449,292712,27.71K,-0.10%
45148,29449,29578,297194,293775,32.00K,-0.44%
45147,29578,297713,30104,293842,49.67K,-0.67%
45146,297774,292042,301686,291377,62.57K,1.96%
45145,292042,290813,292702,28721,41.19K,0.42%
45144,290813,290679,291989,289874,16.03K,0.05%
45143,290681,291056,291393,28983,14.55K,-0.13%
45142,291055,291891,293191,288758,31.43K,-0.29%
45141,291893,291809,294098,28981,36.08K,0.05%
45140,291737,297118,300259,289616,67.41K,-1.81%
45139,297122,292323,297122,28611,64.01K,1.64%
45138,292324,29282,295023,291283,31.84K,-0.17%
45137,292817,293542,294466,290545,20.58K,-0.24%
45136,293535,29315,294001,292569,13.90K,0.13%
45135,29315,292227,29533,291251,31.42K,0.32%
45134,292227,293529,295688,29094,30.42K,-0.44%
45133,293522,292288,296818,291097,44.33K,0.42%
45132,292286,291783,293654,290587,29.05K,0.17%
45131,291781,300859,300982,288907,55.73K,-3.02%
45130,300859,297889,30337,297357,23.32K,1.00%
45129,297889,299045,29988,296573,18.47K,-0.38%
45128,299031,29801,300589,297399,32.59K,0.34%
45127,29801,299097,30408,296214,50.33K,-0.36%
45126,299097,298667,301855,297893,34.96K,0.14%
45125,298668,301397,302424,296246,42.40K,-0.91%
45124,301397,302355,303359,296933,42.84K,-0.32%
45123,302355,302918,30435,300754,20.31K,-0.18%
45122,302914,303168,303954,302469,17.06K,-0.09%
45121,303174,314654,316026,299443,82.42K,-3.65%
45120,314661,303873,317645,3026,99.81K,3.55%
45119,303873,306233,309513,302317,54.06K,-0.77%
45118,306233,304142,307822,303338,39.84K,0.68%
45117,304153,301669,310196,299691,55.24K,0.82%
45116,301669,302888,304255,300719,20.05K,-0.40%
45115,302888,303468,303799,300559,17.41K,-0.19%
45114,303464,299127,30442,297574,46.42K,1.45%
45113,299131,305128,314636,29869,90.81K,-1.97%
45112,305128,307686,308756,302333,43.23K,-0.83%
45111,307684,31152,313265,306578,42.12K,-1.23%
45110,311513,306175,31377,305815,56.49K,1.74%
45109,306177,305871,30769,302279,28.82K,0.10%
45108,305868,304729,306499,30329,22.46K,0.37%
45107,304729,304457,312755,297145,118.65K,0.09%
45106,304457,300773,308231,300513,49.57K,1.22%
45105,300786,306919,307034,299195,51.06K,-1.99%
45104,306891,30267,309937,302313,55.82K,1.39%
45103,30267,304663,306459,299863,58.71K,-0.65%
45102,304653,305336,310402,303158,37.12K,-0.22%
45101,305336,306807,307953,302694,38.15K,-0.48%
45100,306794,298902,313954,298226,98.85K,2.64%
45099,298905,299928,304978,295904,79.22K,-0.35%
45098,299969,283077,307695,282705,143.49K,5.97%
45097,283077,268459,28393,266655,100.55K,5.44%
45096,268459,263397,270297,262951,46.45K,1.92%
45095,263397,26515,266793,262906,27.31K,-0.66%
45094,26515,263413,267673,261835,35.86K,0.66%
45093,263413,255919,264728,25276,69.24K,2.93%
45092,255913,251295,257328,24838,68.38K,1.84%
45091,251295,25929,260517,248474,60.82K,-3.08%
45090,259294,259069,264289,257264,56.24K,0.09%
45089,259068,259279,260807,25635,40.75K,-0.08%
45088,259284,258433,261901,256608,39.20K,0.33%
45087,25844,264793,265251,254683,83.57K,-2.40%
45086,264793,265011,267739,263267,38.96K,-0.08%
45085,265011,263418,267844,262313,39.95K,0.60%
45084,263425,272302,27342,26141,77.48K,-3.26%
45083,272302,257456,273252,254256,88.61K,5.76%
45082,257474,271223,271255,254375,85.42K,-5.07%
45081,271223,270709,274102,269561,23.81K,0.19%
45080,27072,27246,273175,269314,20.62K,-0.63%
45079,272447,26819,272994,265413,49.37K,1.59%
45078,26819,272164,273409,266623,51.98K,-1.46%
45077,272161,276969,27825,268651,63.08K,-1.74%
45076,276982,277389,280336,275838,45.19K,-0.15%
45075,277394,280684,284312,275488,54.56K,-1.18%
45074,280712,268553,281819,267885,55.23K,4.52%
45073,268575,267112,268829,265912,18.68K,0.55%
45072,267115,264755,269116,2633,45.88K,0.89%
45071,264758,263271,265892,258925,50.17K,0.56%
45070,263284,272207,272207,260887,72.65K,-3.28%
45069,272207,268516,274481,268041,50.89K,1.39%
45068,268473,267499,270489,265461,35.56K,0.36%
45067,267499,271162,272571,266776,27.42K,-1.35%
45066,271162,26883,271472,268313,17.72K,0.87%
45065,268829,268282,271547,267113,36.67K,0.20%
45064,26828,274038,27467,264498,63.39K,-2.10%
45063,274031,270355,274653,265977,58.14K,1.36%
45062,270353,271839,272953,268819,45.29K,-0.55%
45061,271839,269204,276517,267521,53.27K,0.98%
45060,2692,267774,271761,266099,26.35K,0.53%
45059,267775,267987,270119,266956,27.95K,-0.08%
45058,267992,269831,27044,258531,87.49K,-0.68%
45057,269835,276043,276074,267662,62.85K,-2.25%
45056,276033,276343,283117,268857,91.45K,-0.11%
45055,276349,276705,27816,273663,49.75K,-0.13%
45054,276705,284248,286278,272803,85.72K,-2.65%
45053,284248,288571,29122,284196,36.50K,-1.50%
45052,288571,295128,298164,284149,58.94K,-2.22%
45051,295132,288422,296539,288253,74.52K,2.33%
45050,288421,290236,293527,286874,53.80K,-0.63%
45049,290236,286691,292447,281644,81.22K,1.24%
45048,286691,28079,288774,279132,65.33K,2.11%
45047,280776,292521,293296,276859,84.36K,-4.02%
45046,292521,292351,299413,29095,47.62K,0.06%
45045,292341,293184,294255,290585,25.72K,-0.30%
45044,293218,294759,295872,289278,69.88K,-0.52%
45043,294759,284245,298598,283924,121.63K,3.70%
45042,284246,282988,299957,273078,164.31K,0.44%
45041,282988,275101,283756,272011,65.31K,2.87%
45040,275093,275914,279788,270543,66.74K,-0.30%
45039,275914,278138,27815,273885,41.77K,-0.80%
45038,278139,272648,27872,271657,44.30K,2.01%
45037,272648,282405,283534,271711,98.72K,-3.46%
45036,282405,288137,290821,280324,95.45K,-1.99%
45035,288137,303822,304084,286411,111.27K,-5.16%
45034,303822,294341,304701,291492,76.58K,3.22%
45033,294349,303108,303122,29274,71.90K,-2.89%
45032,303103,302992,305453,301346,34.48K,0.04%
45031,302996,304726,305865,302088,31.71K,-0.57%
45030,304725,303874,309649,30026,98.38K,0.28%
45029,303874,298924,305241,298645,65.87K,1.68%
45028,298864,302098,30473,296795,78.69K,-1.07%
45027,302096,29641,304846,295978,89.38K,1.92%
45026,29641,283265,297554,281829,85.73K,4.64%
45025,283266,279412,285227,278092,39.35K,1.38%
45024,279412,279104,281531,278638,23.73K,0.11%
45023,279104,280376,281025,277794,30.94K,-0.45%
45022,280367,281735,281735,277345,51.29K,-0.49%
45021,281735,281644,287444,278235,77.32K,0.03%
45020,281644,278022,284291,276689,64.06K,1.30%
45019,278021,281947,284584,272569,98.00K,-1.41%
45018,281983,284561,285228,278717,45.04K,-0.91%
45017,284561,284737,287951,282856,38.09K,-0.06%
45016,284737,280293,286463,275875,98.44K,1.58%
45015,280295,283503,291604,277167,122.51K,-1.13%
45014,283504,272629,286274,272498,109.32K,3.99%
45013,272622,271278,27465,266656,94.16K,0.49%
45012,271298,279748,280233,266115,107.24K,-3.02%
45011,279735,274749,281537,274291,60.64K,1.81%
45010,274756,274622,277619,271767,61.36K,0.05%
45009,274622,283069,283745,270265,110.36K,-3.00%
45008,283107,272628,287341,271446,158.46K,3.85%
45007,272617,281142,287603,266687,262.03K,-3.03%
45006,28114,277198,284378,273506,438.78K,1.42%
45005,277205,279589,284578,27157,503.90K,-0.85%
45004,279587,269145,283473,268446,393.27K,3.88%
45003,269145,273919,276591,266887,392.47K,-1.74%
45002,273918,250044,277422,249001,674.96K,9.55%
45001,250041,242832,25139,241479,462.58K,2.97%
45000,242827,246996,251089,239324,614.31K,-1.69%
44999,246997,241215,263659,239946,753.06K,2.43%
44998,241144,219948,244062,218596,733.63K,9.64%
44997,219948,20465,220286,202942,455.69K,7.46%
44996,204675,201565,206695,197967,453.46K,1.54%
44995,201567,20362,203626,195918,655.27K,-1.01%
44994,203618,217108,218265,200796,468.76K,-6.21%
44993,217108,221978,222743,216613,316.51K,-2.19%
44992,221978,224101,225351,219686,304.75K,-0.95%
44991,2241,224282,225954,223201,215.31K,-0.08%
44990,224283,223471,226367,222135,160.57K,0.36%
44989,223471,223547,224037,221674,123.93K,-0.03%
44988,223544,234656,234734,220519,344.63K,-4.73%
44987,234654,236422,237805,232087,249.26K,-0.75%
44986,236422,231306,239141,230253,328.77K,2.21%
44985,231305,23494,23595,230338,275.10K,-1.55%
44984,234941,235587,238762,231668,297.65K,-0.27%
44983,235587,231661,236718,23066,209.12K,1.69%
44982,231661,231913,232153,227774,198.35K,-0.11%
44981,231915,239364,241234,229703,367.99K,-3.11%
44980,239363,241866,245904,236379,417.46K,-1.03%
44979,241866,244507,244743,235934,400.24K,-1.08%
44978,244507,248395,252368,241608,395.97K,-1.57%
44977,248395,243028,250854,238686,363.02K,2.21%
44976,243029,246313,251752,242737,312.64K,-1.33%
44975,246314,245735,248389,24457,223.77K,0.24%
44974,245735,235382,249847,23373,523.85K,4.39%
44973,235396,243281,252338,235259,484.50K,-3.24%
44972,243279,221985,243309,220508,401.53K,9.59%
44971,221985,217769,223086,215562,378.39K,1.96%
44970,217726,217827,218875,214187,312.04K,-0.07%
44969,217868,218599,220807,216531,211.65K,-0.33%
44968,218598,216274,219029,216053,182.07K,1.04%
44967,21635,217925,219336,214917,352.79K,-0.72%
44966,217925,229646,230036,217446,425.44K,-5.10%
44965,229646,232517,234251,226917,289.12K,-1.23%
44964,232517,227618,233388,227482,318.98K,2.15%
44963,227618,22936,231306,226337,278.58K,-0.76%
44962,22936,233269,234234,227665,217.26K,-1.66%
44961,233238,234312,235718,232698,170.27K,-0.46%
44960,234312,234291,236941,232338,349.36K,0.02%
44959,234276,237262,242072,233981,382.86K,-1.26%
44958,237256,231247,237845,228096,333.18K,2.60%
44957,231251,228322,232629,227249,289.38K,1.28%
44956,228322,23746,23794,2256,339.62K,-3.88%
44955,237531,230235,239529,229733,320.86K,3.15%
44954,230279,230746,231823,228898,156.96K,-0.20%
44953,230746,23016,234803,226029,310.36K,0.25%
44952,23016,230552,232595,22869,320.97K,-0.17%
44951,230551,226325,23779,223663,388.18K,1.87%
44950,226325,229163,231561,225171,334.17K,-1.23%
44949,229155,22709,231618,225279,327.85K,0.91%
44948,227078,227757,230687,22323,280.64K,-0.30%
44947,227757,226775,233045,224611,382.69K,0.43%
44946,226772,210749,227185,208793,373.74K,7.57%
44945,210812,206706,211694,206697,275.76K,1.99%
44944,206706,211371,215841,204483,388.67K,-2.21%
44943,211371,211844,215064,209262,310.04K,-0.22%
44942,211842,208801,214168,206989,337.46K,1.46%
44941,208798,20956,210322,205857,205.80K,-0.37%
44940,209582,199269,211856,198986,458.21K,5.17%
44939,19927,188508,199816,187238,426.67K,5.71%
44938,188513,17941,190553,179155,522.01K,5.07%
44937,179423,174405,179898,173239,291.53K,2.89%
44936,174391,171801,17491,171517,247.14K,1.51%
44935,171801,17119,173908,171071,301.24K,0.36%
44934,17119,169436,17119,169138,144.84K,1.04%
44933,169436,169509,169796,169097,110.48K,-0.04%
44932,169509,168298,170123,167076,233.47K,0.72%
44931,168298,168522,168779,167723,178.96K,-0.13%
44930,168521,166742,169765,166565,247.39K,1.07%
44929,166742,166731,167732,166072,178.73K,0.00%
44928,166743,166184,167669,16551,136.03K,0.34%
44927,166184,165375,166219,164997,107.84K,0.49%
44926,165374,166072,166359,164873,130.44K,-0.42%
44925,166072,166364,166444,1636,192.76K,-0.18%
44924,166364,165462,166591,164966,181.47K,0.55%
44923,165462,167059,167811,164742,217.96K,-0.96%
44922,167061,169182,16964,166101,192.18K,-1.25%
44921,169181,168318,169361,167994,133.36K,0.51%
44920,168318,168357,168529,16733,132.89K,-0.03%
44919,168372,167786,168558,167778,110.12K,0.35%
44918,167791,168205,169107,16768,184.12K,-0.25%
44917,168206,168318,168622,165661,198.28K,-0.07%
44916,168318,169027,169194,16735,174.34K,-0.42%
44915,169028,164413,170313,164007,284.57K,2.81%
44914,164413,167411,168095,163312,207.93K,-1.79%
44913,167411,16777,168257,166665,124.29K,-0.21%
44912,167771,16629,167944,16587,164.49K,0.89%
44911,166296,173567,175185,165424,303.56K,-4.19%
44910,173561,177964,178461,172982,263.44K,-2.47%
44909,177964,177786,183518,176821,318.98K,0.10%
44908,177786,172109,179516,170945,328.71K,3.30%
44907,172104,170932,172325,168785,249.39K,0.68%
44906,170933,17127,172629,170806,167.20K,-0.20%
44905,171272,171257,172205,171057,148.81K,0.01%
44904,171257,172256,172886,170821,260.84K,-0.58%
44903,172257,168352,172942,167658,261.64K,2.32%
44902,168352,170894,171267,167153,244.36K,-1.49%
44901,170893,169663,171011,169149,246.19K,0.72%
44900,169665,171069,173952,168869,268.72K,-0.85%
44899,171126,168848,171981,168816,197.12K,1.35%
44898,168845,170934,171326,168621,169.29K,-1.22%
44897,170936,169722,170962,167999,227.01K,0.72%
44896,16972,171634,172447,168689,266.14K,-1.12%
44895,171639,164408,172155,164332,348.22K,4.40%
44894,164404,162119,165314,161001,271.58K,1.41%
44893,162117,164261,164814,160135,284.84K,-1.30%
44892,164256,164564,165954,164146,173.25K,-0.19%
44891,164565,165123,166863,163879,194.94K,-0.34%
44890,165123,166006,166118,163609,204.07K,-0.54%
44889,166012,166049,167856,16472,229.59K,-0.14%
44888,166239,162169,166776,161623,305.08K,2.53%
44887,162129,157766,162746,156204,287.21K,2.77%
44886,157762,162786,162879,155042,372.15K,-3.13%
44885,162867,166993,167493,162092,172.83K,-2.47%
44884,166992,166522,168149,166089,114.89K,0.37%
44883,166383,167154,168463,16553,241.96K,-0.32%
44882,166912,165405,167397,164258,257.00K,0.91%
44881,165405,168954,169934,164082,295.73K,-2.10%
44880,168951,16615,17112,165439,337.15K,1.69%
44879,166137,16325,171584,15834,442.46K,1.77%
44878,163245,168039,169465,162749,210.80K,-2.80%
44877,167952,170499,171008,166339,192.91K,-1.49%
44876,170499,175891,176794,164355,466.35K,-3.07%
44875,175891,15887,181382,157993,720.74K,10.71%
44874,158869,185389,185838,156033,869.57K,-14.25%
44873,185274,20589,206675,1726,865.10K,-10.01%
44872,20589,209163,210554,204105,414.24K,-1.56%
44871,209163,212987,213604,20901,242.26K,-1.81%
44870,213016,211457,214647,210841,261.23K,0.74%
44869,211459,202064,212819,201846,499.50K,4.65%
44868,202064,20154,203845,200666,347.23K,0.26%
44867,201544,204829,207783,200658,420.23K,-1.61%
44866,204835,204961,206766,203481,302.72K,-0.06%
44865,204963,20626,208224,2026,327.47K,-0.63%
44864,206263,208094,209223,205225,207.63K,-0.88%
44863,208098,205942,210381,205619,276.54K,1.05%
44862,205944,20293,20744,200582,318.90K,1.49%
44861,202929,207695,208679,202316,365.49K,-2.29%
44860,207695,200868,209815,200629,427.99K,3.42%
44859,200827,193318,204069,19249,371.54K,3.89%
44858,193315,195712,195886,191772,286.94K,-1.22%
44857,195712,192048,196809,190925,180.63K,1.91%
44856,192048,191626,192499,191161,118.24K,0.22%
44855,191626,190429,192455,187033,294.66K,0.63%
44854,190429,191251,193345,189356,253.20K,-0.42%
44853,191239,193282,193586,191012,209.28K,-1.06%
44852,193282,195484,196929,191028,290.07K,-1.13%
44851,195482,192622,196635,191636,248.40K,1.49%
44850,192619,190688,194119,19066,140.95K,1.01%
44849,190687,191817,192187,190008,123.66K,-0.59%
44848,191818,193798,199339,190986,400.45K,-1.02%
44847,193798,191546,194944,182079,455.13K,1.17%
44846,191548,190585,192126,190106,242.18K,0.50%
44845,190591,191343,192613,188687,288.57K,-0.39%
44844,191346,194417,195207,19057,243.77K,-1.58%
44843,19441,194163,195521,193296,127.53K,0.13%
44842,19415,195302,196122,192747,113.50K,-0.60%
44841,195313,199624,200514,193521,263.50K,-2.13%
44840,199567,201575,204367,198737,370.60K,-1.00%
44839,201575,203405,203538,197617,352.76K,-0.90%
44838,203402,196297,204361,195064,368.17K,3.63%
44837,196283,190576,19676,190013,333.03K,3.02%
44836,190522,193119,193899,189373,222.82K,-1.34%
44835,193119,194229,194803,191726,173.91K,-0.57%
44834,19423,195934,201749,192089,490.29K,-0.87%
44833,19593,194202,196315,188779,449.57K,0.94%
44832,19411,190834,197578,185053,581.19K,1.73%
44831,19081,192288,203612,188504,660.12K,-0.75%
44830,192257,188031,193048,186952,516.03K,2.25%
44829,188032,189251,191251,186596,209.71K,-0.64%
44828,189252,192884,193106,18812,258.50K,-1.91%
44827,192935,194041,194773,185548,431.15K,-0.57%
44826,19404,184881,194909,18371,448.63K,4.95%
44825,18489,188751,197584,181918,446.85K,-2.03%
44824,188724,195389,196263,187426,361.18K,-3.41%
44823,195389,194174,196666,182778,423.43K,0.62%
44822,194188,201139,201139,193477,273.11K,-3.45%
44821,201135,198028,201786,19761,204.58K,1.57%
44820,198024,197019,19883,193529,315.59K,0.51%
44819,197017,202223,203214,195323,358.42K,-2.58%
44818,202225,201755,205037,196542,374.22K,0.23%
44817,201755,223953,227025,199096,485.32K,-9.91%
44816,223953,218366,224654,215816,431.98K,2.57%
44815,218349,216504,218364,21363,297.12K,0.85%
44814,216504,213638,217906,211399,331.12K,1.33%
44813,213652,193188,215457,192941,480.37K,10.60%
44812,193174,192815,194447,190345,291.43K,0.19%
44811,192815,187863,194459,185484,319.10K,2.64%
44810,187864,197934,201693,187233,402.43K,-5.09%
44809,197931,199999,200429,196507,238.71K,-1.03%
44808,199999,198322,200178,195947,158.27K,0.85%
44807,198314,199528,200438,196607,157.85K,-0.61%
44806,199527,201316,204282,197647,272.22K,-0.86%
44805,201261,200499,202027,195844,275.08K,0.41%
44804,200439,197934,204691,197934,318.17K,1.27%
44803,197926,202956,205582,195597,308.41K,-2.48%
44802,202958,195513,203945,195512,248.04K,3.81%
44801,195502,200342,201508,195429,159.60K,-2.41%
44800,200339,202499,203436,198498,187.34K,-1.07%
44799,202499,215642,218153,201224,322.16K,-6.10%
44798,215654,213654,218012,213248,190.15K,0.94%
44797,213652,215162,218323,211711,202.40K,-0.71%
44796,215172,214165,21661,209196,228.65K,0.47%
44795,214163,215168,215174,209121,251.83K,-0.47%
44794,215172,211389,216924,210774,177.52K,1.79%
44793,211389,208307,213574,207848,206.94K,1.48%
44792,208313,232016,232023,208078,339.47K,-10.22%
44791,232036,233377,23578,231313,160.97K,-0.58%
44790,23338,238558,244235,231916,239.53K,-2.17%
44789,238568,241026,242408,236938,201.70K,-1.02%
44788,241017,243033,252057,237845,279.28K,-0.83%
44787,243028,244421,249973,241722,177.25K,-0.57%
44786,244425,243989,248829,243187,170.59K,0.18%
44785,243987,239353,244408,236164,194.96K,1.94%
44784,239353,239633,248735,23864,285.36K,-0.12%
44783,239629,231503,242099,227147,243.61K,3.53%
44782,231467,238181,23912,228865,169.62K,-2.81%
44781,238163,231753,242341,231606,197.94K,2.77%
44780,231753,229442,233877,228523,99.36K,1.01%
44779,229442,233082,233444,229236,94.44K,-1.56%
44778,233082,226133,234476,225935,208.90K,3.08%
44777,226121,228222,232145,224387,181.19K,-0.91%
44776,228208,229887,236237,226986,174.66K,-0.73%
44775,229886,232711,234233,226708,177.30K,-1.21%
44774,232712,233034,234844,228638,162.33K,-0.14%
44773,233034,236342,241793,232362,138.84K,-1.40%
44772,236342,237742,246053,235218,168.72K,-0.59%
44771,237743,238502,2434,234514,221.66K,-0.32%
44770,2385,229577,241905,226116,268.32K,3.88%
44769,229583,21248,230278,210475,242.66K,8.05%
44768,212487,213016,213223,207373,201.57K,-0.25%
44767,213019,225823,226533,212754,206.93K,-5.67%
44766,225821,224498,229879,222813,126.66K,0.54%
44765,224604,226836,22991,219717,137.42K,-0.95%
44764,226752,2315,237414,225242,197.54K,-2.06%
44763,23153,232199,234038,223602,217.08K,-0.27%
44762,232152,23412,24258,229444,281.31K,-0.83%
44761,234102,225293,237573,215818,308.91K,3.93%
44760,225258,207856,227149,207706,279.72K,8.37%
44759,207856,212098,216544,207552,132.81K,-2.00%
44758,212099,208252,215613,204844,136.89K,1.85%
44757,208251,205861,211781,203934,164.67K,1.16%
44756,20586,2025,208622,196649,205.28K,1.66%
44755,2025,193316,202508,189422,249.38K,4.75%
44754,193309,199632,200517,192796,167.91K,-3.17%
44753,199632,208472,20855,19897,160.20K,-4.24%
44752,208474,215874,215992,206897,204.68K,-3.43%
44751,215875,216104,219441,213384,190.11K,-0.11%
44750,216112,216371,224821,21207,439.90K,-0.12%
44749,216378,205579,218178,202827,115.81K,5.24%
44748,205611,201804,206549,197853,105.24K,1.78%
44747,202006,202158,207069,193154,122.43K,-0.08%
44746,202158,193106,203038,190525,92.79K,4.69%
44745,193099,192434,196264,187944,65.27K,0.35%
44744,192432,192754,194254,190064,58.57K,-0.10%
44743,192629,199266,207856,189801,150.18K,-3.33%
44742,199266,201113,201551,186827,127.73K,-0.92%
44741,201113,20278,204158,198807,98.97K,-0.82%
44740,20278,207279,212002,202105,83.83K,-2.18%
44739,207302,210377,214975,20568,84.69K,-1.49%
44738,210435,214899,218374,209897,67.21K,-2.08%
44737,214899,212269,215534,209175,66.63K,1.24%
44736,212269,211009,214887,207439,104.56K,0.60%
44735,211007,199673,211898,199075,110.70K,5.68%
44734,199658,207202,208643,197802,125.94K,-3.64%
44733,207204,205716,216893,203717,136.32K,0.72%
44732,205723,205769,209968,196588,140.60K,-0.02%
44731,205772,189834,207635,179837,169.39K,8.38%
44730,189865,204464,207447,176305,267.25K,-7.13%
44729,204446,203913,213154,202441,136.27K,0.28%
44728,203866,225779,229421,202311,144.00K,-9.71%
44727,225779,221375,227544,201258,280.41K,1.90%
44726,221573,224491,232003,208609,251.01K,-1.29%
44725,22448,266063,268576,220063,379.26K,-15.63%
44724,266063,28404,285348,266063,120.02K,-6.33%
44723,284034,290833,294266,281618,82.92K,-2.34%
44722,290833,300974,303256,288849,104.26K,-3.37%
44721,300978,302021,306914,299538,61.72K,-0.34%
44720,302016,311272,313121,298748,87.96K,-2.98%
44719,311288,313703,315566,29235,140.32K,-0.76%
44718,313676,299112,317534,298886,94.01K,4.86%
44717,29913,298651,301669,29539,30.33K,0.16%
44716,298643,297009,299638,294895,33.51K,0.55%
44715,297009,304557,306748,293308,72.13K,-2.48%
44714,304555,297986,306385,296044,81.40K,2.20%
44713,297985,317931,319699,293966,135.09K,-6.27%
44712,317934,317302,323775,312212,86.60K,0.22%
44711,317233,294652,321856,293072,129.56K,7.66%
44710,294652,290271,295565,288387,36.87K,1.51%
44709,290271,286201,291944,285372,43.87K,1.49%
44708,286012,29194,293771,282822,116.41K,-2.06%
44707,292035,295379,298689,280779,126.71K,-1.14%
44706,295406,296487,302023,293535,78.85K,-0.36%
44705,296487,290916,298108,287061,79.42K,1.91%
44704,290933,302873,306448,289136,92.10K,-3.94%
44703,302866,29433,30462,292601,50.60K,2.89%
44702,294346,291887,296232,289539,32.27K,0.88%
44701,291786,303059,307351,287385,98.78K,-3.72%
44700,303059,287004,305251,286821,101.38K,5.66%
44699,286837,304375,306879,286481,92.03K,-5.76%
44698,304375,298567,307201,294845,79.63K,1.97%
44697,29849,313083,313124,291358,100.25K,-4.66%
44696,313087,300786,313838,294994,65.44K,4.08%
44695,300804,292852,302774,286667,70.46K,2.72%
44694,292844,289943,310027,28755,141.23K,1.06%
44693,28976,290734,301367,265005,309.48K,-0.32%
44692,290682,31008,321136,278355,296.90K,-6.25%
44691,310075,300982,326212,29831,235.61K,3.03%
44690,30095,34041,34227,30095,268.09K,-11.64%
44689,3406,35468,35497,33727,671.05M,-3.97%
44688,35468,36003,36119,34773,288.86M,-1.50%
44687,36009,3654,36646,35267,752.84M,-1.46%
44686,36544,39686,39833,36183,1.04B,-7.92%
44685,39688,37717,40021,3766,691.49M,5.22%
44684,37718,38515,38647,37513,367.21M,-2.07%
44683,38514,38472,39134,38061,580.79M,0.14%
44682,38461,37642,38676,37397,276.99M,2.15%
44681,3765,3859,38776,37596,248.22M,-2.41%
44680,38581,39748,39919,38175,382.90M,-2.94%
44679,39748,39243,40382,38888,542.39M,1.29%
44678,39243,38113,39447,37869,426.83M,2.96%
44677,38113,40443,4077,37708,681.47M,-5.72%
44676,40427,39464,40599,38233,654.60M,2.44%
44675,39464,39434,39929,39033,283.63M,0.12%
44674,39418,39709,39973,39291,190.60M,-0.73%
44673,39709,40487,40792,392,421.30M,-1.91%
44672,40482,4137,42969,39793,493.05M,-2.14%
44671,41368,41499,42203,40915,382.84M,-0.33%
44670,41503,40809,41746,40585,268.28M,1.72%
44669,40803,397,41095,38577,484.26M,2.77%
44668,39703,40382,40599,39561,210.01M,-1.68%
44667,40382,40571,40691,40003,151.31M,-0.44%
44666,4056,39936,4085,39781,233.09M,1.56%
44665,39936,41133,41494,39585,294.29M,-2.91%
44664,41133,40072,41515,39581,406.70M,2.63%
44663,40078,39507,40678,39265,468.27M,1.47%
44662,39497,42144,42418,39202,608.38M,-6.27%
44661,42138,4276,43421,41884,255.83M,-1.47%
44660,42767,42275,42809,42129,165.16M,1.16%
44659,42275,4345,43979,42113,467.83M,-2.70%
44658,43448,43166,43893,42747,390.85M,0.64%
44657,43173,45494,45519,43122,649.52M,-5.13%
44656,45506,46614,47201,45388,421.11M,-2.41%
44655,46629,46407,46899,45152,446.12M,0.48%
44654,46407,45813,47435,45554,398.86M,1.30%
44653,45811,46299,47212,45641,345.93M,-1.05%
44652,46297,45529,46728,44261,632.93M,1.70%
44651,45525,47071,47624,45228,520.00M,-3.29%
44650,47075,47449,47714,46601,467.76M,-0.79%
44649,47449,47126,48127,47029,478.82M,0.73%
44648,47105,46859,48199,46672,610.27M,0.52%
44647,46859,44542,46947,44445,388.79M,5.19%
44646,44548,44331,44818,4409,196.30M,0.49%
44645,44331,44013,45112,43622,494.09M,0.72%
44644,44013,42911,44251,42658,491.66M,2.57%
44643,42912,42373,43027,41795,433.96M,1.27%
44642,42373,41022,433279,40893,537.06M,3.29%
44641,41022,41282,41532,4053,406.62M,-0.62%
44640,41276,42241,42301,40922,308.45M,-2.27%
44639,42233,41768,42386,415296,224.59M,1.11%
44638,417678,409146,423084,402348,2.31B,2.08%
44637,409148,411187,41406,405578,1.90B,-0.50%
44636,411187,392825,417016,389532,4.47B,4.67%
44635,392857,39673,398547,382209,2.25B,-0.97%
44634,396711,377895,399143,376136,2.33B,4.97%
44633,377924,388132,392723,376034,1.55B,-2.63%
44632,388143,387302,393553,386665,1.11B,0.22%
44631,387302,394225,40177,382364,2.79B,-1.74%
44630,394163,419339,420291,386035,3.62B,-5.99%
44629,41929,387315,425385,386633,3.60B,8.22%
44628,387448,380206,393515,378866,2.67B,1.89%
44627,380248,384206,39532,371821,3.02B,-0.99%
44626,384031,393963,396681,38115,1.93B,-2.52%
44625,393958,391428,396002,386261,1.50B,0.65%
44624,391427,42463,428487,385949,3.21B,-7.82%
44623,42463,439128,440772,418408,74.11K,-3.30%
44622,439128,444203,452942,433613,80.82K,-1.14%
44621,444203,431872,449005,428766,90.67K,2.85%
44620,431882,377072,439778,374589,108.07K,14.59%
44619,376891,391166,398385,370623,66.14K,-3.65%
44618,391155,392216,400945,386391,41.55K,-0.24%
44617,392096,383392,396837,380426,83.78K,2.27%
44616,383392,372502,393516,343574,180.47K,2.99%
44615,372246,382482,391945,370995,64.84K,-2.68%
44614,382482,370183,384149,363996,82.75K,3.32%
44613,370177,38355,394441,368689,91.82K,-3.49%
44612,38355,400896,401203,380422,47.92K,-4.33%
44611,400903,400001,404343,396666,25.78K,0.23%
44610,400001,405325,409355,39505,64.96K,-1.36%
44609,405528,438855,441671,401038,72.63K,-7.59%
44608,438836,445409,445529,433776,41.40K,-1.48%
44607,445444,425503,447226,424601,56.34K,4.69%
44606,425503,420611,427997,415913,53.60K,1.16%
44605,420611,422055,427251,418801,25.88K,-0.34%
44604,422052,423884,430064,417768,37.88K,-0.43%
44603,423884,435193,439151,420234,69.95K,-2.60%
44602,43521,443889,457552,432425,89.69K,-1.96%
44601,443889,440382,448004,43163,50.92K,0.80%
44600,440382,438339,453998,42705,92.88K,0.47%
44599,438339,423852,444683,416954,76.60K,3.40%
44598,423922,414119,426148,411763,31.20K,2.37%
44597,414121,415665,418998,409633,46.32K,-0.37%
44596,415676,372878,41689,370411,95.49K,11.48%
44595,372878,368902,373043,362973,50.35K,1.08%
44594,368902,387112,388538,366823,53.74K,-4.70%
44593,387097,384756,3923,380379,55.20K,0.55%
44592,384986,379238,387014,366728,61.27K,1.53%
44591,379177,381675,383133,373906,34.10K,-0.66%
44590,381708,377365,386637,373502,42.77K,1.13%
44589,377451,371956,379959,361765,69.45K,1.56%
44588,371643,368001,372154,355432,83.52K,0.99%
44587,368004,369623,388626,3628,107.87K,-0.41%
44586,369506,366913,375018,357293,79.68K,0.72%
44585,366863,362686,37424,329856,153.77K,1.15%
44584,362695,350729,36513,346552,70.43K,3.40%
44583,350752,364677,367498,34116,138.09K,-3.84%
44582,364755,406981,411046,355039,155.80K,-10.41%
44581,407159,416836,434871,405683,65.28K,-2.31%
44580,416778,423653,42558,411609,53.77K,-1.62%
44579,423646,422099,426742,413007,47.32K,0.37%
44578,422093,430805,431796,415594,41.44K,-2.02%
44577,430791,430792,43462,426433,28.66K,-0.04%
44576,43097,430736,437779,425861,31.44K,0.06%
44575,430733,425622,434351,418487,50.50K,1.21%
44574,4256,439,444047,423375,53.42K,-3.05%
44573,43901,42735,442436,424767,53.95K,2.73%
44572,427332,418291,430902,412876,61.78K,2.15%
44571,418322,418489,422438,39697,85.50K,-0.04%
44570,418483,416812,427644,412609,37.51K,0.42%
44569,41672,415513,423044,405743,52.54K,0.30%
44568,415467,430979,431277,4081,88.36K,-3.60%
44567,430975,434316,437723,424811,63.08K,-0.76%
44566,434259,458331,470194,425351,83.74K,-5.26%
44565,458373,464357,475054,456021,55.59K,-1.28%
44564,464302,472939,47556,45704,41.06K,-1.86%
44563,473118,477387,479449,467182,27.02K,-0.89%
44562,47738,462175,479176,462175,31.24K,3.29%
44561,462195,471233,485539,456936,58.18K,-1.92%
44560,471233,464707,479014,46003,60.96K,1.42%
44559,464617,475484,481217,461278,63.92K,-2.28%
44558,475452,507034,507038,473457,74.39K,-6.18%
44557,506782,507836,520163,50459,43.90K,-0.20%
44556,507799,50404,51247,49527,32.34K,0.74%
44555,504064,507896,511402,501968,26.67K,-0.75%
44554,507861,508074,517953,504284,45.97K,-0.03%
44553,50801,485996,513556,480534,56.24K,4.53%
44552,485997,488987,495403,484497,40.89K,-0.62%
44551,48902,469001,493061,46654,57.88K,4.28%
44550,468952,467034,474889,455773,57.53K,0.41%
44549,467045,468557,482702,464384,44.05K,-0.32%
44548,468562,461718,473302,455134,36.93K,1.48%
44547,461722,476304,479972,455238,67.50K,-3.06%
44546,476282,488766,493878,475439,48.20K,-2.54%
44545,488715,483662,494779,465726,80.28K,1.04%
44544,483665,467098,48635,463383,62.54K,3.56%
44543,467036,500759,501961,458482,80.37K,-6.74%
44542,50081,493325,507792,486705,40.30K,1.55%
44541,493145,471384,49487,46834,45.23K,4.62%
44540,471372,475917,499748,470071,68.06K,-0.97%
44539,475966,504776,507902,473419,58.69K,-5.70%
44538,504739,505966,512047,487007,55.59K,-0.24%
44537,505952,505474,519186,500709,56.29K,0.07%
44536,505621,494121,509133,472379,89.68K,2.34%
44535,494055,491964,496893,477978,72.03K,0.43%
44534,491952,536207,538472,425878,168.00K,-8.27%
44533,536315,564952,575436,520089,89.20K,-5.07%
44532,56496,572078,573775,558079,54.94K,-1.25%
44531,572103,568917,590643,564965,66.75K,0.58%
44530,568829,577952,591744,559369,73.66K,-1.58%
44529,577948,572881,588552,567267,58.65K,0.88%
44528,572915,54758,573923,534483,49.28K,4.61%
44527,547659,537472,552803,536543,40.71K,1.93%
44526,537309,589373,591511,535335,104.03K,-8.83%
44525,589351,571671,593873,570298,56.79K,3.08%
44524,571717,575594,576974,559106,56.68K,-0.70%
44523,575732,563048,578551,555425,72.48K,2.25%
44522,563088,587197,592883,556568,76.45K,-4.10%
44521,587143,59724,600026,585283,40.98K,-1.68%
44520,597176,580808,598546,574353,44.53K,2.81%
44519,580834,569083,583359,556263,74.44K,1.98%
44518,569553,603682,609369,565244,100.37K,-5.65%
44517,603678,600742,608145,585319,73.93K,0.46%
44516,600891,636051,636056,586559,115.36K,-5.52%
44515,635979,655149,663112,634395,53.53K,-2.92%
44514,655082,643972,655082,636083,33.98K,1.72%
44513,643986,641333,64906,633814,30.34K,0.41%
44512,641345,647826,654497,623097,63.27K,-1.04%
44511,648067,649228,655833,641219,50.37K,-0.19%
44510,649326,669426,689906,629513,96.21K,-2.95%
44509,669044,675287,684933,663349,66.13K,-0.92%
44508,675279,632764,677633,632764,81.08K,6.72%
44507,632732,614838,632732,613472,34.34K,2.91%
44506,614839,609732,615432,600936,34.89K,0.84%
44505,609743,614115,625603,607424,44.46K,-0.71%
44504,614126,629154,630776,607429,49.91K,-2.39%
44503,629185,632235,635086,60883,61.05K,-0.48%
44502,632217,609122,642564,606515,65.26K,3.79%
44501,609153,613101,624301,596127,61.21K,-0.64%
44500,613096,618422,623937,600057,50.06K,-0.86%
44499,618401,62245,623385,60786,40.51K,-0.65%
44498,622428,605799,629522,603222,63.39K,2.74%
44497,605825,584372,622513,581281,88.47K,3.67%
44496,584381,603125,614529,581126,88.11K,-3.11%
44495,603108,630675,632751,599073,57.13K,-4.37%
44494,63067,608643,636948,606558,51.06K,3.62%
44493,608665,613082,614699,595237,42.67K,-0.73%
44492,613125,606932,617287,597383,37.05K,1.03%
44491,606903,622008,636997,600557,75.69K,-2.44%
44490,622102,660046,666169,620921,105.38K,-5.71%
44489,659791,642769,669671,635437,79.87K,2.65%
44488,642785,620302,64454,61451,80.16K,3.58%
44487,620563,615258,626236,600269,80.15K,0.86%
44486,615275,608655,616514,591434,53.39K,1.09%
44485,608611,616692,623292,601619,49.93K,-1.32%
44484,616725,573482,628928,568748,121.48K,7.54%
44483,573458,573704,585065,568668,59.84K,-0.06%
44482,573801,560145,576974,543144,73.62K,2.44%
44481,560159,574806,576357,541554,74.85K,-2.54%
44480,574773,546869,578141,544578,73.84K,5.10%
44479,546877,549425,564322,541008,104.43K,-0.46%
44478,549425,539241,554308,537117,64.65K,1.91%
44477,539147,537855,559779,536593,64.05K,0.24%
44476,537839,553252,553256,534764,75.68K,-2.78%
44475,553232,5147,556761,504395,116.26K,7.49%
44474,514693,492295,518724,490601,76.63K,4.55%
44473,492273,482004,494817,469586,66.92K,2.13%
44472,482001,476654,491652,47123,42.41K,1.12%
44471,476669,481472,483069,474517,39.82K,-1.00%
44470,48146,438244,484352,432929,94.66K,9.86%
44469,438233,415345,441012,414167,64.32K,5.50%
44468,415368,410231,425712,40815,48.21K,1.25%
44467,410223,421699,427588,409064,60.01K,-2.73%
44466,421726,432009,442932,421439,54.12K,-2.39%
44465,432034,426858,439073,407866,69.91K,1.21%
44464,426868,428187,429593,417145,46.35K,-0.31%
44463,428199,448674,45112,409085,128.88K,-4.57%
44462,448692,435507,449498,430901,74.54K,3.03%
44461,435516,406608,439767,405857,93.98K,7.13%
44460,406513,430123,436193,396468,142.55K,-5.18%
44459,428706,472408,473239,425471,77.96K,-9.25%
44458,472387,482999,483419,468666,41.98K,-2.21%
44457,483067,472839,48761,470705,43.64K,2.17%
44456,472828,477482,481559,467888,50.16K,-0.97%
44455,47748,481323,484806,470403,60.91K,-0.80%
44454,481306,470708,484365,467439,63.40K,2.24%
44453,470775,449502,472476,447187,65.33K,4.73%
44452,449495,460608,468077,434632,96.15K,-2.42%
44451,460623,451626,463864,447552,44.52K,1.99%
44450,451619,448449,459756,447666,41.58K,0.71%
44449,448428,463859,470216,442836,75.62K,-3.33%
44448,463856,460576,473057,45609,73.63K,0.70%
44447,460614,467741,473169,444937,100.48K,-1.54%
44446,467796,526742,528853,430724,187.56K,-11.19%
44445,526721,517694,527262,510028,69.46K,1.75%
44444,517686,499187,518782,494924,57.30K,3.71%
44443,499184,499993,505346,494614,48.14K,-0.16%
44442,49999,492695,510088,483773,88.08K,1.47%
44441,492743,488178,503553,486129,80.21K,0.93%
44440,488194,471292,49121,465331,74.38K,3.58%
44439,471304,469891,48217,467093,71.48K,0.29%
44438,469927,487771,48886,468769,61.68K,-3.66%
44437,487774,488997,496217,478701,47.62K,-0.24%
44436,488971,490628,492894,484285,36.73K,-0.34%
44435,490643,468302,49142,463715,62.47K,4.77%
44434,468316,489944,493478,463604,73.79K,-4.41%
44433,489945,477074,492302,471633,63.54K,2.68%
44432,477147,495325,498474,476236,74.26K,-3.68%
44431,495397,492554,504988,490386,75.37K,0.58%
44430,492545,488704,494803,48151,49.32K,0.77%
44429,488758,4933,497191,482935,18.20K,-0.91%
44428,49324,467567,493433,466468,83.19K,5.49%
44427,467559,447259,470123,439867,77.92K,4.54%
44426,447238,446911,460049,4423,22.36K,0.07%
44425,446916,459075,471406,444413,84.14K,-2.84%
44424,459963,469916,480024,456721,2.41K,-2.12%
44423,469913,470826,473441,455641,58.11K,-0.19%
44422,470815,478096,480909,461172,64.29K,-1.52%
44421,478091,44404,47836,442424,75.27K,7.67%
44420,444034,455623,462138,438147,81.07K,-2.55%
44419,455643,455932,467365,453679,75.43K,-0.06%
44418,455938,462818,466634,446812,80.55K,-1.49%
44417,462843,437949,464607,428241,117.08K,5.69%
44416,437928,445849,452841,433144,105.25K,-1.84%
44415,446142,427847,446973,42611,112.84K,4.25%
44414,427954,408684,432534,399054,111.93K,4.72%
44413,408672,397344,413663,373654,130.60K,2.84%
44412,397369,381884,399565,37556,79.22K,4.21%
44411,381303,391674,397666,376882,0.26K,-2.65%
44410,391684,398698,40449,386925,74.81K,-1.78%
44409,398783,4151,42565,395565,80.33K,-4.03%
44408,415537,422014,422853,410664,44.65K,-1.54%
44407,422034,400011,422644,383584,98.45K,5.50%
44406,400014,40009,406307,393408,75.30K,0.00%
44405,400032,394504,408622,388838,148.92K,1.40%
44404,39452,372943,394559,364274,100.24K,5.84%
44403,372766,353923,405229,352367,177.63K,5.33%
44402,353911,343925,353911,338813,65.10K,4.63%
44401,338248,336005,33955,334129,67.14K,0.66%
44400,336033,322979,336056,320411,66.15K,4.04%
44399,322989,321317,325854,317294,64.87K,0.52%
44398,321314,297947,327946,295193,118.34K,7.85%
44397,297938,308354,310408,293102,97.46K,-3.38%
44396,308372,317829,31887,304782,77.48K,-2.98%
44395,317854,315179,324082,312206,57.01K,0.85%
44394,315186,313844,319148,312078,58.06K,0.40%
44393,31394,318423,322398,310622,70.48K,-1.40%
44392,318405,328205,33157,311758,76.95K,-2.99%
44391,328207,327278,330519,316112,69.56K,0.28%
44390,327281,331061,333077,322595,60.04K,-1.16%
44389,33113,342283,34598,326628,63.24K,-3.26%
44388,342277,335108,345806,333198,35.72K,2.14%
44387,335106,337977,34221,330568,50.94K,-0.85%
44386,337974,328663,340792,32367,67.14K,2.83%
44385,328663,338594,339232,321469,108.09K,-2.96%
44384,338678,342287,350366,338013,72.03K,-1.05%
44383,342256,336885,35062,335817,83.63K,1.60%
44382,336878,35297,353005,331641,88.36K,-4.56%
44381,352982,347428,359576,347401,56.13K,1.60%
44380,347428,338142,349098,333633,55.69K,2.75%
44379,338134,335422,339259,327346,78.93K,0.80%
44378,335436,350307,350327,328392,27.41K,-4.23%
44377,350269,358326,360895,341266,107.07K,-2.25%
44376,358347,344773,365903,342476,97.27K,3.94%
44375,344759,346822,352312,339449,112.00K,-0.58%
44374,346785,322471,346855,320417,148.80K,7.55%
44373,322434,315921,32643,302069,156.67K,2.06%
44372,31594,346605,354909,313379,193.43K,-8.86%
44371,346658,336781,352499,323567,119.25K,2.94%
44370,336743,324983,347843,317365,173.34K,3.62%
44369,324964,316827,332725,289018,309.65K,2.54%
44368,31692,355979,357084,312841,256.87K,-10.97%
44367,355958,355109,360979,33378,137.48K,0.23%
44366,355134,3577,363573,348455,105.46K,-0.66%
44365,357494,380455,38166,351985,102.84K,-6.05%
44364,38052,383378,395299,374253,109.58K,-0.74%
44363,38336,401481,404944,381564,123.52K,-4.53%
44362,401561,405225,41318,395899,117.55K,-0.92%
44361,405294,390241,409704,387699,157.35K,3.86%
44360,390229,354675,393216,34827,123.32K,10.02%
44359,354675,373344,374373,347033,87.73K,-4.95%
44358,373146,366543,376411,360033,109.15K,1.81%
44357,366494,373752,383408,35824,154.32K,-1.83%
44356,373322,333855,375176,324286,209.82K,11.83%
44355,333829,335746,340478,311581,193.54K,-0.58%
44354,33578,358154,367546,334101,119.50K,-6.25%
44353,358154,355187,36434,352653,62.20K,0.83%
44352,3552,368412,378876,34832,101.48K,-3.61%
44351,368513,391914,392554,356599,127.71K,-5.96%
44350,391873,375557,394623,371936,106.44K,4.34%
44349,375558,366877,381999,359811,96.89K,2.37%
44348,366876,372943,378503,357427,113.48K,-1.64%
44347,372986,35644,374807,342132,131.70K,4.62%
44346,356528,345893,363886,33441,104.18K,3.09%
44345,345846,356645,372271,336642,160.43K,-3.02%
44344,356625,385432,388441,347724,199.58K,-7.17%
44343,384173,39249,403222,371908,122.93K,-2.12%
44342,392492,383757,4075,37847,153.80K,2.27%
44341,383783,387536,397408,365407,163.01K,-0.96%
44340,387506,347203,398517,344746,244.88K,11.74%
44339,346797,374468,382487,311924,325.73K,-7.39%
44338,374483,37291,38776,353149,185.83K,0.40%
44337,372974,406112,421083,335923,315.50K,-8.40%
44336,407172,367068,424259,350104,269.75K,10.88%
44335,367205,428983,435166,302617,607.10K,-14.40%
44334,428973,435385,457709,422939,154.96K,-1.48%
44333,435413,464242,465454,422015,274.76K,-6.21%
44332,464264,467293,497643,439208,180.07K,-0.60%
44331,467088,498391,506409,466502,131.91K,-6.28%
44330,498398,497049,514592,48874,118.84K,0.27%
44329,497046,493982,513373,463311,236.71K,0.65%
44328,493842,566945,579385,49187,160.74K,-12.90%
44327,566957,558461,568711,545504,96.47K,1.52%
44326,558489,582512,595239,536783,142.61K,-4.10%
44325,582383,588406,59227,564144,103.59K,-1.02%
44324,588401,573303,594711,569722,101.27K,2.62%
44323,573372,564114,586393,553001,110.01K,1.65%
44322,564054,57441,583649,552945,109.02K,-1.80%
44321,574413,538725,579364,538725,119.82K,6.88%
44320,537415,571706,572013,537415,132.33K,-6.00%
44319,571698,566058,589251,565624,89.24K,1.00%
44318,566038,578072,578684,561105,53.61K,-2.08%
44317,578071,577191,584494,570295,63.41K,0.15%
44316,577203,535623,579256,530887,103.74K,7.77%
44315,535608,548386,551737,524,83.90K,-2.34%
44314,548414,55036,564199,538764,86.96K,-0.35%
44313,550365,540111,554278,53345,84.08K,1.88%
44312,540205,489635,543209,488159,129.76K,10.33%
44311,489636,500882,505324,470985,59.20K,-2.25%
44310,500889,511408,51183,487752,82.25K,-2.06%
44309,511436,517071,520999,476594,214.46K,-1.13%
44308,517295,538213,554084,505909,168.13K,-3.88%
44307,538202,564795,567644,536576,100.26K,-4.71%
44306,564832,556451,570549,534225,115.49K,1.50%
44305,556461,562081,57517,542723,117.51K,-1.00%
44304,562071,600432,603621,518176,216.81K,-6.39%
44303,600419,613583,625091,596721,84.08K,-2.18%
44302,613797,632116,635185,600273,136.85K,-2.90%
44301,63216,629786,637291,620675,76.97K,0.37%
44300,629804,635442,64778,613663,130.43K,-0.88%
44299,635409,598636,63659,598394,126.56K,6.14%
44298,598638,599821,612599,595692,81.88K,-0.19%
44297,599787,597724,606671,592503,58.20K,0.39%
44296,597484,581274,61229,579,103.72K,2.80%
44295,581187,580768,588909,57686,59.22K,0.07%
44294,580774,55948,581367,557216,64.78K,3.80%
44293,559487,579963,586277,554893,110.69K,-3.53%
44292,579963,59169,59487,574033,77.15K,-1.69%
44291,589934,582023,592051,568427,54.13K,1.36%
44290,581999,570597,584648,564706,57.21K,2.00%
44289,570599,589768,597705,569067,68.74K,-3.25%
44288,589773,587182,601349,584665,72.37K,0.44%
44287,587183,587632,594065,580407,69.04K,-0.08%
44286,587637,587714,597956,569916,98.06K,-0.01%
44285,587713,576146,593669,570771,86.21K,2.00%
44284,576162,557647,583926,549511,107.91K,3.32%
44283,557652,558569,565042,547113,58.71K,-0.17%
44282,558629,550338,565311,540102,73.87K,1.50%
44281,550361,513174,550741,51302,100.30K,7.24%
44280,513223,5233,531754,504413,143.35K,-1.92%
44279,523254,543091,571694,517254,137.91K,-3.91%
44278,544525,541175,558138,529923,84.84K,0.54%
44277,541583,573793,583799,537842,95.53K,-5.62%
44276,573838,580974,585838,555833,77.47K,-1.22%
44275,580934,580841,598821,57863,67.83K,0.01%
44274,58088,57645,594483,563051,83.98K,0.75%
44273,57656,589118,60088,570996,102.62K,-2.13%
44272,589135,568929,589332,542532,118.26K,3.56%
44271,568897,556195,568897,533426,128.51K,1.97%
44270,557913,591174,605659,550888,117.71K,-5.62%
44269,591137,611927,616737,591137,80.29K,-3.40%
44268,611953,572674,617958,561188,134.64K,6.86%
44267,572651,578062,580523,551345,116.96K,-0.92%
44266,577995,558512,58135,543518,129.63K,3.49%
44265,558519,548827,573287,530736,140.96K,1.77%
44264,54879,523524,548806,519413,114.06K,4.91%
44263,52311,509889,523849,493381,68.14K,2.61%
44262,509823,48899,514341,488906,82.91K,4.35%
44261,488556,487987,491918,471328,66.66K,0.13%
44260,487925,483636,494294,463701,113.64K,0.75%
44259,48428,50388,517577,475218,9.56K,-3.90%
44258,503951,484222,525679,481592,44.93K,4.07%
44257,484242,495956,501919,471006,102.10K,-2.36%
44256,495955,451605,49774,450088,137.52K,9.81%
44255,45164,46136,46582,431006,135.08K,-2.11%
44254,461367,463331,483351,450594,98.75K,-0.45%
44253,463456,469285,484139,442482,189.41K,-1.24%
44252,469285,496959,520138,467737,83.22K,-5.57%
44251,496975,489111,513118,470317,153.75K,1.61%
44250,489112,541141,54115,450938,315.07K,-9.61%
44249,541118,574376,574808,483538,244.95K,-5.78%
44248,574338,559076,583351,555027,87.26K,2.70%
44247,559237,55922,575238,541241,127.85K,0.03%
44246,559066,515901,562385,508168,139.43K,8.38%
44245,515822,520945,52524,509416,94.35K,-0.95%
44244,520792,491613,525777,490181,140.03K,5.92%
44243,491697,479342,505158,470444,141.37K,2.57%
44242,479363,486111,489365,457861,123.18K,-1.45%
44241,486434,471721,496951,470519,106.50K,3.13%
44240,471687,473731,480973,462705,89.42K,-0.43%
44239,473717,47995,489274,462186,133.73K,-1.29%
44238,479907,448348,486221,440411,145.77K,7.04%
44237,44836,465078,472953,438005,151.83K,-3.60%
44236,465086,463964,481435,451047,193.87K,0.24%
44235,463957,388536,465964,38057,248.47K,19.41%
44234,388529,392289,396917,373816,125.37K,-1.03%
44233,392566,383006,409397,382753,156.02K,2.50%
44232,382976,369764,383036,3664,100.60K,3.56%
44231,369821,376489,387079,363808,151.44K,-1.77%
44230,376468,354869,376468,354015,131.03K,6.09%
44229,354852,33514,359761,334624,120.85K,5.88%
44228,335157,331068,346856,323249,126.32K,1.23%
44227,331081,342816,343483,321899,101.92K,-3.43%
44226,342831,343,349209,329085,128.57K,-0.05%
44225,343018,333817,38546,319533,297.73K,2.78%
44224,333748,304089,337908,299119,167.39K,9.77%
44223,30404,324996,325454,292904,194.35K,-6.46%
44222,325021,322441,329177,3085,139.84K,0.77%
44221,322523,322443,348543,319674,142.43K,0.03%
44220,322413,320885,330348,309829,88.21K,0.47%
44219,320889,329941,334414,314182,100.70K,-2.76%
44218,330005,308387,338212,288712,243.09K,7.00%
44217,308421,354723,355911,301018,253.27K,-13.06%
44216,354763,358621,363844,334445,153.61K,-1.46%
44215,360029,366306,37821,360014,79.11K,-1.67%
44214,366132,358382,374368,34801,111.52K,2.16%
44213,358396,360201,368013,338835,126.82K,-0.50%
44212,360195,367518,379317,354084,137.02K,-2.24%
44211,368458,391757,39715,344887,118.42K,-5.95%
44210,391757,373834,400543,367721,172.40K,4.80%
44209,373822,340612,377646,324519,209.93K,9.70%
44208,340761,35426,365987,325727,241.93K,-4.13%
44207,355443,381953,382172,304116,251.04K,-6.93%
44206,381922,401497,413624,351416,215.78K,-4.88%
44205,401519,406072,413635,387751,128.42K,-1.10%
44204,405993,394664,419217,366134,251.29K,2.89%
44203,394602,367985,403409,363612,249.60K,7.25%
44202,367932,339993,369348,334083,227.56K,8.24%
44201,339915,320154,344147,300105,202.13K,6.15%
44200,320226,330166,335875,282045,255.27K,-2.84%
44199,329589,321929,347559,320296,155.21K,2.38%
44198,321933,293597,332335,29008,240.87K,9.65%
44197,293599,289517,296271,287124,100.90K,1.42%
44196,289494,288668,292988,28025,136.69K,0.28%
44195,288687,273745,289793,273745,159.82K,5.45%
44194,27376,270653,273907,259028,119.57K,1.18%
44193,270578,262592,274449,261443,126.98K,3.03%
44192,262613,264603,283603,258582,231.23K,-0.73%
44191,264544,247147,26826,245151,155.77K,7.15%
44190,246896,237287,247789,234453,2.40K,4.02%
44189,237365,232532,237837,227373,104.59K,2.06%
44188,232579,238208,240637,226947,178.47K,-2.37%
44187,238232,227304,238254,223886,130.75K,4.82%
44186,227285,234741,241019,220155,154.69K,-3.18%
44185,234749,238436,242809,230989,114.09K,-1.55%
44184,23844,231276,241071,22797,133.88K,3.10%
44183,231279,228233,232728,223615,131.80K,1.33%
44182,228254,213523,23738,212431,310.74K,6.90%
44181,213522,194347,215253,192997,199.81K,9.87%
44180,194349,192739,195563,190762,98.39K,0.84%
44179,192738,191764,193465,19007,67.11K,0.51%
44178,191768,188081,194036,187168,82.45K,1.96%
44177,188089,180267,189362,180251,71.37K,4.36%
44176,180236,182505,182883,176001,111.53K,-1.23%
44175,182472,185461,185518,179268,85.31K,-1.61%
44174,18546,183224,186379,176588,129.72K,1.20%
44173,183266,191708,192886,182292,101.41K,-4.40%
44172,191707,193684,194246,189088,61.98K,-1.08%
44171,193799,19146,194171,18873,54.56K,1.22%
44170,191465,186575,191727,185071,59.44K,2.62%
44169,186581,194311,195295,186108,110.63K,-3.99%
44168,194333,192198,195966,188837,99.97K,1.12%
44167,192188,187679,193355,183467,91.92K,2.39%
44166,187707,196978,198974,18257,208.72K,-4.71%
44165,196981,18186,198312,18186,185.59K,8.32%
44164,181855,177297,183363,175304,79.12K,2.57%
44163,177307,171426,178744,168744,95.20K,3.52%
44162,171271,171609,174503,164816,138.80K,-0.20%
44161,17162,187219,188949,162352,312.07K,-8.34%
44160,18723,191515,194867,185277,146.12K,-2.24%
44159,191526,183946,194166,180748,180.79K,4.21%
44158,183796,184281,187568,18016,127.35K,-0.18%
44157,184129,186893,187515,176446,121.76K,-1.47%
44156,186872,186738,18966,183975,108.91K,0.06%
44155,186752,178055,18811,177584,134.42K,4.90%
44154,178035,177751,18166,173801,135.94K,0.16%
44153,177746,176623,184661,172589,233.43K,0.64%
44152,176623,167158,178454,16562,175.87K,5.66%
44151,167158,159541,168807,158707,118.09K,4.78%
44150,15953,160747,161581,157823,58.43K,-0.73%
44149,16071,163231,163282,157177,83.64K,-1.55%
44148,163242,16293,164741,159734,113.75K,0.18%
44147,162947,156958,163427,154835,165.54K,3.82%
44146,156958,153031,159539,15281,119.07K,2.56%
44145,153036,15328,154653,150965,93.36K,-0.15%
44144,153272,154833,158196,148169,165.04K,-1.01%
44143,154837,148266,156483,147207,94.99K,4.42%
44142,148284,155782,157544,143851,160.73K,-4.81%
44141,155779,155939,159552,152235,186.13K,-0.06%
44140,155871,141456,157399,140997,227.49K,10.19%
44139,141456,14023,142388,135444,140.80K,0.90%
44138,140199,135605,14054,132946,108.17K,3.38%
44137,135614,137597,138284,132142,97.76K,-1.44%
44136,137594,137955,138895,136287,51.71K,-0.27%
44135,137973,135602,140654,134417,102.75K,1.75%
44134,135599,13457,136679,131345,108.77K,0.76%
44133,134572,132783,1364,129829,111.23K,1.34%
44132,132789,136583,138517,129076,144.18K,-2.77%
44131,136578,130615,137823,130503,128.64K,4.56%
44130,130616,13033,132297,127924,89.47K,0.23%
44129,130322,13117,133453,129004,59.73K,-0.65%
44128,131172,129336,131615,128764,51.20K,1.42%
44127,129341,129727,130255,127389,73.94K,-0.31%
44126,129746,128055,131839,126982,113.31K,1.30%
44125,128087,119136,132135,118946,197.72K,7.51%
44124,119135,117539,120294,116857,94.59K,1.36%
44123,117534,115071,118233,114139,73.04K,2.14%
44122,115069,113621,115069,113498,31.51K,1.27%
44121,113621,113218,114027,112744,29.86K,0.35%
44120,11322,115032,115422,112246,71.42K,-1.57%
44119,11503,114214,115909,112767,70.84K,0.72%
44118,114204,114244,11541,112935,59.12K,-0.03%
44117,114238,115335,11558,113159,64.67K,-0.95%
44116,115339,113708,117159,112274,84.02K,1.43%
44115,11371,112956,114394,112776,41.06K,0.64%
44114,112984,110535,11475,110531,65.81K,2.21%
44113,110542,109235,11103,108369,70.95K,1.19%
44112,109241,106707,109486,105496,79.78K,2.37%
44111,106709,10601,106801,105533,49.27K,0.64%
44110,106026,107902,108003,105308,69.07K,-1.73%
44109,107895,106725,107896,106234,48.86K,1.09%
44108,106729,105444,106933,105208,31.40K,1.22%
44107,105442,105722,105978,105012,29.10K,-0.27%
44106,105723,106196,106629,103876,77.94K,-0.45%
44105,106205,107766,109137,104627,95.33K,-1.44%
44104,107761,108434,108477,106676,55.55K,-0.60%
44103,108409,106943,108584,106424,59.64K,1.38%
44102,106932,107764,109466,106852,72.29K,-0.77%
44101,107762,107279,107992,106027,40.92K,0.45%
44100,107279,106889,107933,106502,37.85K,0.37%
44099,106888,107399,10756,105589,71.43K,-0.47%
44098,107394,102381,107878,10201,82.95K,4.90%
44097,102373,105315,105354,101466,74.95K,-2.79%
44096,105315,104194,105707,103617,63.52K,1.10%
44095,104168,109199,109872,103285,109.85K,-4.62%
44094,109215,110816,110816,107727,53.39K,-1.45%
44093,110818,10933,111771,108907,51.63K,1.36%
44092,10933,109413,110297,108187,63.48K,-0.08%
44091,109413,109501,110393,107552,77.22K,-0.07%
44090,109495,107852,110933,106692,94.94K,1.52%
44089,107853,106752,109318,106278,91.70K,1.03%
44088,106753,103327,107443,102645,96.64K,3.38%
44087,10326,104417,105796,102194,66.12K,-1.11%
44086,104419,103902,104768,102759,48.49K,0.50%
44085,103902,103398,103988,102126,62.28K,0.49%
44084,103397,102243,104803,102192,88.01K,1.13%
44083,102246,101268,103433,99846,71.37K,0.97%
44082,101266,103769,104344,98771,113.90K,-2.41%
44081,103769,102964,104009,9887,12.40M,0.78%
44080,102964,100922,103377,100047,12.12M,2.02%
44079,100922,104723,105587,98978,14.72M,-3.63%
44078,104725,101687,106142,99603,12.50M,2.99%
44077,101688,114132,114427,100095,9.65M,-10.90%
44076,114133,119144,119475,112449,20.26M,-4.21%
44075,119149,116442,120459,115446,580.69K,2.32%
44074,116442,117011,117602,115638,496.14K,-0.49%
44073,11702,114681,117042,114626,409.36K,2.04%
44072,114681,115278,115768,114335,389.85K,-0.51%
44071,115274,113275,11539,112819,464.94K,1.77%
44070,113274,114623,115803,111353,560.59K,-1.18%
44069,114623,113249,115336,112546,513.06K,1.21%
44068,113248,117529,117669,11131,594.07K,-3.65%
44067,117535,116416,118246,115871,429.13K,0.96%
44066,116416,116611,117054,115208,377.33K,-0.17%
44065,116613,115292,11677,113821,433.98K,1.15%
44064,115292,118569,118774,114956,506.38K,-2.76%
44063,118569,11751,11881,116727,430.93K,0.91%
44062,117502,119444,120132,116026,550.26K,-1.65%
44061,119476,12283,123814,11842,606.79K,-2.73%
44060,122826,118988,124441,11764,628.41K,3.22%
44059,11899,118455,119225,116889,410.81K,0.45%
44058,118453,117511,11964,117115,499.10K,0.80%
44057,117508,117711,118355,116515,435.44K,-0.17%
44056,117709,115572,117729,112984,545.67K,1.85%
44055,115572,113904,116054,111906,549.59K,1.46%
44054,113904,118892,119318,111467,615.90K,-4.19%
44053,118892,116811,120411,115469,564.11K,1.78%
44052,116812,117644,117928,115275,303.00K,-0.71%
44051,117643,115916,118055,115335,317.06K,1.49%
44050,11592,117571,119018,113524,517.00K,-1.40%
44049,117571,11735,118984,11563,554.85K,0.19%
44048,117351,111848,117715,111145,570.83K,4.92%
44047,111847,112238,114078,11043,485.79K,-0.35%
44046,112244,110669,114611,109816,470.24K,1.42%
44045,110668,118026,120611,107307,647.95K,-6.24%
44044,118031,113332,118477,112261,611.47K,4.14%
44043,113334,110965,114348,109646,530.95K,2.14%
44042,110962,111058,111644,108616,501.14K,-0.09%
44041,111059,109084,113365,107718,576.83K,1.81%
44040,109085,109611,110461,108736,658.37K,-1.04%
44039,110228,99327,11367,98946,908.99K,10.98%
44038,99325,969,100866,96459,415.07K,2.35%
44037,97041,95467,97293,95362,306.29K,1.65%
44036,95464,95992,96262,94805,359.16K,-0.55%
44035,95996,95136,96465,94511,425.66K,0.90%
44034,95137,93874,95231,9296,386.00K,1.35%
44033,93873,91623,94269,91551,458.99K,2.46%
44032,91624,92081,92184,91399,312.98K,-0.50%
44031,9208,91701,92248,91064,265.25K,0.41%
44030,91702,91558,91988,91267,276.40K,0.16%
44029,91558,91354,91819,90915,310.92K,0.22%
44028,91353,91987,92242,9052,429.04K,-0.69%
44027,91987,92536,92702,91687,429.84K,-0.59%
44026,92534,92431,92748,91357,453.83K,0.11%
44025,92436,93005,93296,92076,456.87K,-0.62%
44024,93008,92342,93378,91704,366.88K,0.73%
44023,92333,92858,92955,91842,353.92K,-0.56%
44022,92851,9239,93098,91319,418.47K,0.53%
44021,92357,94301,94345,9176,444.27K,-2.06%
44020,94299,92563,94583,92331,509.94K,1.88%
44019,9256,93388,93712,92093,420.55K,-0.89%
44018,9339,90804,9363,90632,510.27K,2.84%
44017,9081,91343,91496,89321,314.10K,-0.58%
44016,91344,90671,91823,90496,261.25K,0.74%
44015,90671,9085,91204,90509,333.88K,-0.20%
44014,90851,92299,92597,89621,483.10K,-1.57%
44013,92299,91359,9289,91011,366.78K,1.03%
44012,91354,9186,91998,90753,381.73K,-0.54%
44011,91854,91228,92291,90336,401.12K,0.67%
44010,9124,90084,91855,89502,329.01K,1.28%
44009,90083,91605,91905,88653,441.93K,-1.66%
44008,916,92475,92965,90601,489.84K,-0.95%
44007,92475,93008,93273,90226,524.45K,-0.59%
44006,9302,96246,96674,9223,515.78K,-3.35%
44005,96246,96839,97156,95818,375.49K,-0.61%
44004,96837,92965,97519,92858,523.32K,4.17%
44003,92964,93588,94112,92885,335.99K,-0.67%
44002,93588,9314,93945,91998,383.44K,0.48%
44001,9314,93903,9424,92496,478.49K,-0.79%
44000,93881,94646,94804,92893,391.67K,-0.81%
43999,94646,95236,95436,92582,446.45K,-0.62%
43998,95235,94256,95771,93793,545.47K,1.04%
43997,94254,93455,94897,89256,750.90K,0.86%
43996,93453,94707,94747,92644,311.27K,-1.33%
43995,94713,94665,94849,93699,364.97K,0.05%
43994,94666,92837,95475,92494,529.28K,1.97%
43993,92832,98789,99452,91391,919.30K,-6.03%
43992,98788,97688,99709,97107,533.55K,1.13%
43991,97688,97777,98572,96166,479.55K,-0.09%
43990,97779,97434,97882,96623,431.04K,0.36%
43989,97426,96696,97918,94174,549.20K,0.76%
43988,96696,96308,97331,95495,370.85K,0.40%
43987,96312,9794,98461,96287,527.05K,-1.67%
43986,97944,96672,98644,94909,593.66K,1.32%
43985,96672,9527,96672,94217,558.12K,1.47%
43984,95276,101907,102073,93473,1.06M,-6.49%
43983,101893,94545,103018,94297,796.68K,7.77%
43982,94548,96929,96956,94062,645.27K,-2.45%
43981,96925,94248,97299,93527,720.62K,2.84%
43980,94248,95734,95965,93581,814.33K,-1.54%
43979,95722,91998,96108,91192,948.86K,4.06%
43978,91991,88423,92109,88186,810.89K,4.03%
43977,88425,88977,89946,87139,784.92K,-0.63%
43976,88982,8728,89595,86661,941.89K,1.95%
43975,87282,91779,9292,87241,1.11M,-4.89%
43974,9177,91698,93032,90989,812.56K,0.08%
43973,91697,90582,92535,89521,914.59K,1.22%
43972,9059,95116,95671,88336,1.41M,-4.76%
43971,95123,9773,98293,93684,1.15M,-2.67%
43970,97733,97308,98839,94987,1.16M,0.44%
43969,97307,96784,99302,95244,1.18M,0.55%
43968,96777,93766,9866,93278,1.18M,3.18%
43967,93795,93181,9579,9233,1.10M,0.66%
43966,9318,97786,98196,92232,1.56M,-4.71%
43965,97784,92987,98875,92658,1.77M,5.16%
43964,92987,88139,93846,87991,1.50M,5.50%
43963,88138,85698,89645,85428,1.35M,2.73%
43962,85798,87376,91296,82356,2.29M,-1.82%
43961,87388,95539,95694,82593,2.47M,-8.54%
43960,95546,9806,99105,95336,1.49M,-2.57%
43959,98062,99801,100182,97314,1.42M,-1.74%
43958,99798,91527,10033,90648,1.91M,9.05%
43957,91514,90006,93737,89236,1.62M,1.67%
43956,9001,88742,90787,88004,1.05M,1.42%
43955,88747,88855,89455,85532,1.12M,-0.12%
43954,88855,89662,91699,87422,1.15M,-0.90%
43953,89663,88216,89862,87713,890.34K,1.64%
43952,88216,86286,90403,8621,1.11M,2.23%
43951,8629,87706,94375,84255,2.04M,-1.62%
43950,87709,77467,89185,77297,1.83M,13.22%
43949,77469,7766,77701,76553,808.09K,-0.25%
43948,7766,76794,77685,76377,980.50K,1.13%
43947,76789,75404,76794,75205,921.59K,1.84%
43946,75404,75039,76846,7451,861.93K,0.49%
43945,75038,74913,75835,74235,951.95K,0.20%
43944,74885,71128,76554,70365,1.34M,5.28%
43943,71129,68425,71374,68218,914.18K,3.95%
43942,68425,68334,69193,67743,892.57K,0.13%
43941,68335,71229,72075,67712,1.26M,-4.06%
43940,71229,72309,7238,70791,5.93M,-1.49%
43939,72308,70359,72594,70315,796.45K,2.77%
43938,70358,70855,71428,70058,810.10K,-0.70%
43937,70856,66291,71597,65205,1.54M,6.89%
43936,66291,68513,69295,66159,1.00M,-3.24%
43935,68509,68418,69708,67686,999.53K,0.14%
43934,68413,69181,69203,66185,1.25M,-1.10%
43933,69176,68679,71588,67851,1.10M,0.73%
43932,68678,68627,69314,67651,845.58K,0.07%
43931,68631,7289,72944,67561,1.37M,-5.84%
43930,7289,73611,73611,71403,963.55K,-0.98%
43929,73612,71856,73961,71531,983.94K,2.45%
43928,71852,73323,74403,71017,1.32M,-2.01%
43927,73323,67728,7335,67701,1.53M,8.26%
43926,67727,68575,68894,6686,842.33K,-1.23%
43925,68574,67359,69586,66791,1.05M,1.80%
43924,67359,67999,70263,66236,1.35M,-0.95%
43923,68005,66388,71827,65679,1.74M,2.44%
43922,66385,64124,66613,61574,1.40M,3.52%
43921,64125,63911,65131,63463,1.05M,0.34%
43920,6391,58904,65765,58725,1.43M,8.50%
43919,58904,62332,62588,58893,916.17K,-5.51%
43918,62337,63734,63743,60465,1.26M,-2.19%
43917,63734,67255,68137,63223,1.16M,-5.23%
43916,67251,66779,67729,65417,1.18M,0.69%
43915,66789,67448,69302,64746,1.52M,-0.97%
43914,67446,64688,68142,63808,1.73M,4.26%
43913,64689,5822,65647,57108,1.88M,11.11%
43912,58221,61869,63944,57712,1.48M,-5.89%
43911,61862,62056,64383,5887,1.64M,-0.31%
43910,62053,61716,68581,57482,2.22M,0.54%
43909,6172,53592,63795,5256,2.18M,15.12%
43908,53614,52607,53731,50209,1.80M,1.91%
43907,52611,50302,54328,49465,1.89M,4.59%
43906,503,53664,53693,44777,2.55M,-6.27%
43905,53663,51829,58633,51206,1.61M,3.54%
43904,51827,55894,56349,50722,1.69M,-7.19%
43903,55843,48152,59343,38695,4.17M,15.71%
43902,4826,79352,79631,45466,3.22M,-39.18%
43901,79351,78921,79765,7606,1.10M,0.56%
43900,78912,7933,81455,77402,1.20M,-0.53%
43899,7933,80358,81588,76487,1.54M,-1.26%
43898,80341,88878,8888,80153,1.11M,-9.61%
43897,88878,91342,91808,88487,750.65K,-2.70%
43896,91348,90606,91652,90049,1.04M,0.82%
43895,90603,87579,91473,87515,950.76K,3.45%
43894,87579,87613,88403,86797,759.69K,-0.04%
43893,87614,89061,89117,86693,1.01M,-1.61%
43892,89048,85375,89618,85031,1.02M,4.27%
43891,854,85438,87372,84372,784.05K,-0.04%
43890,85437,86971,87937,85398,683.44K,-1.77%
43889,86975,88201,88987,84519,1.08M,-1.37%
43888,88186,88001,89683,85385,1.13M,0.21%
43887,88003,93171,93681,8672,1.32M,-5.55%
43886,93172,96626,96723,92698,937.97K,-3.57%
43885,96627,99432,9981,9507,980.00K,-2.82%
43884,99427,96556,99656,96534,775.88K,2.97%
43883,96557,96845,97065,95698,589.88K,-0.30%
43882,96845,96022,97471,95745,716.61K,0.85%
43881,96024,96119,96814,94489,870.80K,-0.07%
43880,96094,101586,102309,94243,905.95K,-5.40%
43879,101584,97015,102301,96016,945.91K,4.71%
43878,97014,99317,99515,94689,961.88K,-2.32%
43877,99323,99074,100564,96549,808.91K,0.25%
43876,99077,10336,103698,98317,808.81K,-4.12%
43875,10333,102355,103724,101252,732.51K,0.96%
43874,102351,103219,104826,101169,940.30K,-0.80%
43873,103177,102293,104356,102293,803.25K,0.86%
43872,102295,9854,103141,97251,791.28K,3.81%
43871,98541,101515,101817,97748,781.22K,-2.93%
43870,101515,98954,101571,98827,617.35K,2.59%
43869,98955,98173,99312,96732,551.31K,0.78%
43868,98186,97719,98725,97387,608.96K,0.48%
43867,9772,96118,98549,95361,778.67K,1.67%
43866,96118,91941,97268,91799,771.46K,4.54%
43865,91939,92965,93475,91939,651.68K,-1.10%
43864,92966,93346,95828,92431,701.39K,-0.41%
43863,93349,93815,94654,91831,683.37K,-0.50%
43862,93816,93493,94588,93015,458.42K,0.35%
43861,93491,95083,9525,92223,633.37K,-1.66%
43860,95073,92991,9569,92092,765.21K,2.24%
43859,92989,93773,94287,92509,749.88K,-0.84%
43858,93773,88666,93895,88666,954.20K,5.76%
43857,88666,86081,89831,85856,706.45K,3.01%
43856,86078,83416,86078,83049,468.34K,3.19%
43855,83416,84399,84476,82772,444.00K,-1.17%
43854,84399,84049,8522,82426,617.02K,0.41%
43853,84051,86785,86873,83096,722.67K,-3.15%
43852,86785,8733,88054,86108,509.06K,-0.62%
43851,87326,8642,87703,8524,540.20K,1.05%
43850,86419,87057,87401,85392,599.06K,-0.74%
43849,87062,89163,91837,85528,975.01K,-2.36%
43848,89163,8913,89823,88146,627.74K,0.04%
43847,89131,87267,90051,86759,794.11K,2.13%
43846,87269,88181,885,86058,748.32K,-1.04%
43845,88183,88279,8904,86155,1.17M,-0.12%
43844,88292,81112,88987,81112,1.48M,8.85%
43843,81114,81883,81967,80684,610.66K,-0.93%
43842,81876,80233,81899,79731,595.22K,2.04%
43841,80241,81878,82629,80084,776.75K,-1.99%
43840,81871,78425,81874,76977,1.05M,4.40%
43839,78424,806,80659,77792,786.50K,-2.70%
43838,80596,81542,84364,79008,1.19M,-1.18%
43837,81557,77591,8182,77541,1.01M,5.11%
43836,77591,73726,77831,73667,786.75K,5.24%
43835,73725,73768,7501,73456,628.14K,-0.06%
43834,73768,73451,74331,72914,523.91K,0.46%
43833,73431,69671,74029,68841,936.29K,5.40%
43832,6967,71997,72096,69014,632.78K,-3.23%
43831,71998,71964,72594,718,420.28K,0.05%